Time,Flow,Rain,,
01/11/1972 00:00,0.218,0,,
01/11/1972 00:30,0.218,0,,
01/11/1972 01:00,0.215,0,,
01/11/1972 01:30,0.215,0,,
01/11/1972 02:00,0.215,0,,
01/11/1972 02:30,0.215,0,,
01/11/1972 03:00,0.215,0,,
01/11/1972 03:30,0.215,0,,
01/11/1972 04:00,0.215,0,,
01/11/1972 04:30,0.215,0,,
01/11/1972 05:00,0.212,0,,
01/11/1972 05:30,0.212,0,,
01/11/1972 06:00,0.212,0,,
01/11/1972 06:30,0.212,0,,
01/11/1972 07:00,0.212,0,,
01/11/1972 07:30,0.21,0,,
01/11/1972 08:00,0.21,0,,
01/11/1972 08:30,0.21,0,,
01/11/1972 09:00,0.207,0,,
01/11/1972 09:30,0.207,0,,
01/11/1972 10:00,0.207,0,,
01/11/1972 10:30,0.207,0,,
01/11/1972 11:00,0.207,0,,
01/11/1972 11:30,0.205,0,,
01/11/1972 12:00,0.205,0,,
01/11/1972 12:30,0.205,0,,
01/11/1972 13:00,0.202,0,,
01/11/1972 13:30,0.202,0,,
01/11/1972 14:00,0.202,0,,
01/11/1972 14:30,0.202,0,,
01/11/1972 15:00,0.202,0,,
01/11/1972 15:30,0.2,0,,
01/11/1972 16:00,0.2,0,,
01/11/1972 16:30,0.2,0,,
01/11/1972 17:00,0.2,0,,
01/11/1972 17:30,0.2,0,,
01/11/1972 18:00,0.2,0,,
01/11/1972 18:30,0.2,0,,
01/11/1972 19:00,0.197,0,,
01/11/1972 19:30,0.197,0,,
01/11/1972 20:00,0.197,0,,
01/11/1972 20:30,0.197,0,,
01/11/1972 21:00,0.195,0,,
01/11/1972 21:30,0.195,0,,
01/11/1972 22:00,0.195,0,,
01/11/1972 22:30,0.195,0,,
01/11/1972 23:00,0.195,0,,
01/11/1972 23:30,0.218,0,,
02/11/1972 00:00,0.192,0,,
02/11/1972 00:30,0.192,0,,
02/11/1972 01:00,0.192,0,,
02/11/1972 01:30,0.192,0,,
02/11/1972 02:00,0.192,0,,
02/11/1972 02:30,0.19,0,,
02/11/1972 03:00,0.19,0,,
02/11/1972 03:30,0.19,0,,
02/11/1972 04:00,0.19,0,,
02/11/1972 04:30,0.187,0,,
02/11/1972 05:00,0.187,0,,
02/11/1972 05:30,0.187,0,,
02/11/1972 06:00,0.187,0,,
02/11/1972 06:30,0.187,0,,
02/11/1972 07:00,0.187,0,,
02/11/1972 07:30,0.187,0,,
02/11/1972 08:00,0.187,0,,
02/11/1972 08:30,0.187,0,,
02/11/1972 09:00,0.187,0,,
02/11/1972 09:30,0.185,0,,
02/11/1972 10:00,0.185,0,,
02/11/1972 10:30,0.185,0,,
02/11/1972 11:00,0.185,0,,
02/11/1972 11:30,0.185,0,,
02/11/1972 12:00,0.185,0,,
02/11/1972 12:30,0.185,0,,
02/11/1972 13:00,0.185,0,,
02/11/1972 13:30,0.185,0,,
02/11/1972 14:00,0.185,0,,
02/11/1972 14:30,0.182,0,,
02/11/1972 15:00,0.182,0,,
02/11/1972 15:30,0.182,0,,
02/11/1972 16:00,0.182,0,,
02/11/1972 16:30,0.182,0,,
02/11/1972 17:00,0.182,0,,
02/11/1972 17:30,0.182,0,,
02/11/1972 18:00,0.18,0,,
02/11/1972 18:30,0.18,0,,
02/11/1972 19:00,0.178,0,,
02/11/1972 19:30,0.178,0,,
02/11/1972 20:00,0.18,0,,
02/11/1972 20:30,0.18,0.03,,
02/11/1972 21:00,0.178,0,,
02/11/1972 21:30,0.178,0.03,,
02/11/1972 22:00,0.175,0.03,,
02/11/1972 22:30,0.175,0,,
02/11/1972 23:00,0.175,0.03,,
02/11/1972 23:30,0.175,0.07,,
03/11/1972 00:00,0.175,0.13,,
03/11/1972 00:30,0.175,0.07,,
03/11/1972 01:00,0.175,0.07,,
03/11/1972 01:30,0.175,0.03,,
03/11/1972 02:00,0.178,0.1,,
03/11/1972 02:30,0.178,0,,
03/11/1972 03:00,0.178,0.03,,
03/11/1972 03:30,0.178,0.07,,
03/11/1972 04:00,0.178,0.24,,
03/11/1972 04:30,0.18,0.1,,
03/11/1972 05:00,0.18,0,,
03/11/1972 05:30,0.18,0,,
03/11/1972 06:00,0.18,0,,
03/11/1972 06:30,0.18,0,,
03/11/1972 07:00,0.18,0,,
03/11/1972 07:30,0.18,0,,
03/11/1972 08:00,0.18,0,,
03/11/1972 08:30,0.18,0,,
03/11/1972 09:00,0.18,0,,
03/11/1972 09:30,0.18,0.1,,
03/11/1972 10:00,0.18,0,,
03/11/1972 10:30,0.18,0.1,,
03/11/1972 11:00,0.18,0.1,,
03/11/1972 11:30,0.18,0.05,,
03/11/1972 12:00,0.18,0,,
03/11/1972 12:30,0.18,0,,
03/11/1972 13:00,0.18,0,,
03/11/1972 13:30,0.18,0,,
03/11/1972 14:00,0.18,0,,
03/11/1972 14:30,0.178,0,,
03/11/1972 15:00,0.178,0,,
03/11/1972 15:30,0.178,0.05,,
03/11/1972 16:00,0.178,0,,
03/11/1972 16:30,0.178,0,,
03/11/1972 17:00,0.178,0,,
03/11/1972 17:30,0.178,0.05,,
03/11/1972 18:00,0.175,0,,
03/11/1972 18:30,0.175,0.05,,
03/11/1972 19:00,0.175,0.15,,
03/11/1972 19:30,0.175,0.1,,
03/11/1972 20:00,0.175,0.1,,
03/11/1972 20:30,0.175,0.2,,
03/11/1972 21:00,0.175,0.1,,
03/11/1972 21:30,0.178,0,,
03/11/1972 22:00,0.178,0.05,,
03/11/1972 22:30,0.178,0.1,,
03/11/1972 23:00,0.178,0,,
03/11/1972 23:30,0.18,0,,
04/11/1972 00:00,0.18,0.1,,
04/11/1972 00:30,0.182,0.1,,
04/11/1972 01:00,0.182,0.05,,
04/11/1972 01:30,0.182,0,,
04/11/1972 02:00,0.182,0,,
04/11/1972 02:30,0.182,0,,
04/11/1972 03:00,0.182,0,,
04/11/1972 03:30,0.182,0,,
04/11/1972 04:00,0.182,0.15,,
04/11/1972 04:30,0.182,0.05,,
04/11/1972 05:00,0.182,0.1,,
04/11/1972 05:30,0.182,0.15,,
04/11/1972 06:00,0.182,0.1,,
04/11/1972 06:30,0.182,0.05,,
04/11/1972 07:00,0.182,0.05,,
04/11/1972 07:30,0.182,0,,
04/11/1972 08:00,0.182,0,,
04/11/1972 08:30,0.182,0,,
04/11/1972 09:00,0.185,0,,
04/11/1972 09:30,0.185,0,,
04/11/1972 10:00,0.185,0,,
04/11/1972 10:30,0.185,0,,
04/11/1972 11:00,0.185,0,,
04/11/1972 11:30,0.185,0,,
04/11/1972 12:00,0.185,0,,
04/11/1972 12:30,0.185,0,,
04/11/1972 13:00,0.185,0,,
04/11/1972 13:30,0.182,0,,
04/11/1972 14:00,0.182,0.05,,
04/11/1972 14:30,0.182,0.05,,
04/11/1972 15:00,0.182,0,,
04/11/1972 15:30,0.182,0,,
04/11/1972 16:00,0.18,0,,
04/11/1972 16:30,0.18,0,,
04/11/1972 17:00,0.18,0,,
04/11/1972 17:30,0.18,0.05,,
04/11/1972 18:00,0.18,0.05,,
04/11/1972 18:30,0.18,0.05,,
04/11/1972 19:00,0.18,0,,
04/11/1972 19:30,0.18,0,,
04/11/1972 20:00,0.18,0.05,,
04/11/1972 20:30,0.18,0,,
04/11/1972 21:00,0.18,0.05,,
04/11/1972 21:30,0.18,0,,
04/11/1972 22:00,0.18,0.05,,
04/11/1972 22:30,0.18,0,,
04/11/1972 23:00,0.18,0,,
04/11/1972 23:30,0.18,0,,
05/11/1972 00:00,0.18,0,,
05/11/1972 00:30,0.178,0,,
05/11/1972 01:00,0.178,0,,
05/11/1972 01:30,0.178,0,,
05/11/1972 02:00,0.178,0.05,,
05/11/1972 02:30,0.178,0.1,,
05/11/1972 03:00,0.178,0,,
05/11/1972 03:30,0.178,0.1,,
05/11/1972 04:00,0.178,0,,
05/11/1972 04:30,0.178,0,,
05/11/1972 05:00,0.178,0,,
05/11/1972 05:30,0.178,0,,
05/11/1972 06:00,0.178,0,,
05/11/1972 06:30,0.178,0.15,,
05/11/1972 07:00,0.178,0.05,,
05/11/1972 07:30,0.178,0,,
05/11/1972 08:00,0.178,0,,
05/11/1972 08:30,0.175,0,,
05/11/1972 09:00,0.175,0.05,,
05/11/1972 09:30,0.175,0,,
05/11/1972 10:00,0.175,0,,
05/11/1972 10:30,0.175,0,,
05/11/1972 11:00,0.175,0,,
05/11/1972 11:30,0.175,0,,
05/11/1972 12:00,0.175,0,,
05/11/1972 12:30,0.175,0,,
05/11/1972 13:00,0.173,0,,
05/11/1972 13:30,0.173,0,,
05/11/1972 14:00,0.173,0.05,,
05/11/1972 14:30,0.173,0,,
05/11/1972 15:00,0.173,0,,
05/11/1972 15:30,0.171,0,,
05/11/1972 16:00,0.171,0,,
05/11/1972 16:30,0.171,0,,
05/11/1972 17:00,0.171,0,,
05/11/1972 17:30,0.171,0,,
05/11/1972 18:00,0.169,0,,
05/11/1972 18:30,0.169,0,,
05/11/1972 19:00,0.169,0,,
05/11/1972 19:30,0.169,0,,
05/11/1972 20:00,0.169,0,,
05/11/1972 20:30,0.169,0,,
05/11/1972 21:00,0.169,0,,
05/11/1972 21:30,0.169,0,,
05/11/1972 22:00,0.169,0,,
05/11/1972 22:30,0.166,0,,
05/11/1972 23:00,0.166,0,,
05/11/1972 23:30,0.166,0,,
06/11/1972 00:00,0.166,0,,
06/11/1972 00:30,0.166,0,,
06/11/1972 01:00,0.166,0,,
06/11/1972 01:30,0.166,0,,
06/11/1972 02:00,0.166,0,,
06/11/1972 02:30,0.166,0,,
06/11/1972 03:00,0.166,0,,
06/11/1972 03:30,0.166,0,,
06/11/1972 04:00,0.166,0,,
06/11/1972 04:30,0.166,0,,
06/11/1972 05:00,0.166,0,,
06/11/1972 05:30,0.166,0,,
06/11/1972 06:00,0.166,0,,
06/11/1972 06:30,0.166,0,,
06/11/1972 07:00,0.166,0,,
06/11/1972 07:30,0.166,0,,
06/11/1972 08:00,0.166,0,,
06/11/1972 08:30,0.166,0,,
06/11/1972 09:00,0.166,0.04,,
06/11/1972 09:30,0.166,0,,
06/11/1972 10:00,0.166,0.04,,
06/11/1972 10:30,0.166,0,,
06/11/1972 11:00,0.166,0.04,,
06/11/1972 11:30,0.166,0,,
06/11/1972 12:00,0.166,0,,
06/11/1972 12:30,0.166,0,,
06/11/1972 13:00,0.166,0,,
06/11/1972 13:30,0.166,0,,
06/11/1972 14:00,0.166,0,,
06/11/1972 14:30,0.166,0,,
06/11/1972 15:00,0.166,0,,
06/11/1972 15:30,0.166,0,,
06/11/1972 16:00,0.166,0,,
06/11/1972 16:30,0.166,0,,
06/11/1972 17:00,0.166,0,,
06/11/1972 17:30,0.166,0,,
06/11/1972 18:00,0.166,0,,
06/11/1972 18:30,0.166,0,,
06/11/1972 19:00,0.164,0,,
06/11/1972 19:30,0.164,0.16,,
06/11/1972 20:00,0.164,0.04,,
06/11/1972 20:30,0.164,0,,
06/11/1972 21:00,0.166,0,,
06/11/1972 21:30,0.166,0.36,,
06/11/1972 22:00,0.166,0.2,,
06/11/1972 22:30,0.166,0,,
06/11/1972 23:00,0.173,0.2,,
06/11/1972 23:30,0.182,1.36,,
07/11/1972 00:00,0.187,0.72,,
07/11/1972 00:30,0.192,0.24,,
07/11/1972 01:00,0.197,0.32,,
07/11/1972 01:30,0.215,0.92,,
07/11/1972 02:00,0.231,0.88,,
07/11/1972 02:30,0.243,0.24,,
07/11/1972 03:00,0.255,0.48,,
07/11/1972 03:30,0.286,1.2,,
07/11/1972 04:00,0.299,1.12,,
07/11/1972 04:30,0.326,0.8,,
07/11/1972 05:00,0.374,0.68,,
07/11/1972 05:30,0.411,0.84,,
07/11/1972 06:00,0.462,0.68,,
07/11/1972 06:30,0.514,0.2,,
07/11/1972 07:00,0.564,0.24,,
07/11/1972 07:30,0.6,0.28,,
07/11/1972 08:00,0.662,0.28,,
07/11/1972 08:30,0.739,0.04,,
07/11/1972 09:00,0.784,0,,
07/11/1972 09:30,0.803,0.04,,
07/11/1972 10:00,0.81,0,,
07/11/1972 10:30,0.797,0,,
07/11/1972 11:00,0.777,0,,
07/11/1972 11:30,0.758,0,,
07/11/1972 12:00,0.733,0,,
07/11/1972 12:30,0.709,0,,
07/11/1972 13:00,0.685,0,,
07/11/1972 13:30,0.65,0,,
07/11/1972 14:00,0.617,0,,
07/11/1972 14:30,0.59,0,,
07/11/1972 15:00,0.574,0,,
07/11/1972 15:30,0.553,0,,
07/11/1972 16:00,0.543,0,,
07/11/1972 16:30,0.518,0,,
07/11/1972 17:00,0.499,0,,
07/11/1972 17:30,0.485,0,,
07/11/1972 18:00,0.476,0,,
07/11/1972 18:30,0.462,0,,
07/11/1972 19:00,0.453,0,,
07/11/1972 19:30,0.44,0,,
07/11/1972 20:00,0.436,0,,
07/11/1972 20:30,0.432,0,,
07/11/1972 21:00,0.427,0,,
07/11/1972 21:30,0.419,0,,
07/11/1972 22:00,0.398,0,,
07/11/1972 22:30,0.39,0,,
07/11/1972 23:00,0.386,0,,
07/11/1972 23:30,0.382,0,,
08/11/1972 00:00,0.374,0,,
08/11/1972 00:30,0.371,0,,
08/11/1972 01:00,0.367,0.08,,
08/11/1972 01:30,0.363,0.04,,
08/11/1972 02:00,0.359,0,,
08/11/1972 02:30,0.355,0,,
08/11/1972 03:00,0.352,0.04,,
08/11/1972 03:30,0.348,0.04,,
08/11/1972 04:00,0.341,0,,
08/11/1972 04:30,0.326,0,,
08/11/1972 05:00,0.326,0,,
08/11/1972 05:30,0.326,0,,
08/11/1972 06:00,0.326,0,,
08/11/1972 06:30,0.323,0,,
08/11/1972 07:00,0.323,0,,
08/11/1972 07:30,0.319,0,,
08/11/1972 08:00,0.319,0,,
08/11/1972 08:30,0.316,0,,
08/11/1972 09:00,0.316,0,,
08/11/1972 09:30,0.312,0,,
08/11/1972 10:00,0.312,0,,
08/11/1972 10:30,0.309,0,,
08/11/1972 11:00,0.309,0,,
08/11/1972 11:30,0.305,0,,
08/11/1972 12:00,0.305,0,,
08/11/1972 12:30,0.302,0,,
08/11/1972 13:00,0.302,0,,
08/11/1972 13:30,0.299,0,,
08/11/1972 14:00,0.299,0,,
08/11/1972 14:30,0.295,0,,
08/11/1972 15:00,0.295,0,,
08/11/1972 15:30,0.295,0,,
08/11/1972 16:00,0.292,0,,
08/11/1972 16:30,0.292,0,,
08/11/1972 17:00,0.289,0,,
08/11/1972 17:30,0.289,0.08,,
08/11/1972 18:00,0.289,0,,
08/11/1972 18:30,0.286,0,,
08/11/1972 19:00,0.286,0.04,,
08/11/1972 19:30,0.286,0.04,,
08/11/1972 20:00,0.286,0,,
08/11/1972 20:30,0.282,0,,
08/11/1972 21:00,0.282,0.08,,
08/11/1972 21:30,0.282,0,,
08/11/1972 22:00,0.282,0,,
08/11/1972 22:30,0.282,0.04,,
08/11/1972 23:00,0.279,0,,
08/11/1972 23:30,0.279,0.04,,
09/11/1972 00:00,0.279,0.12,,
09/11/1972 00:30,0.282,0.4,,
09/11/1972 01:00,0.286,0.56,,
09/11/1972 01:30,0.289,0.8,,
09/11/1972 02:00,0.295,0.76,,
09/11/1972 02:30,0.305,1.24,,
09/11/1972 03:00,0.323,1.28,,
09/11/1972 03:30,0.359,1.2,,
09/11/1972 04:00,0.406,0.96,,
09/11/1972 04:30,0.476,0.56,,
09/11/1972 05:00,0.553,0.76,,
09/11/1972 05:30,0.667,0.48,,
09/11/1972 06:00,0.987,0.2,,
09/11/1972 06:30,1.322,0.36,,
09/11/1972 07:00,1.427,0.2,,
09/11/1972 07:30,1.506,0.48,,
09/11/1972 08:00,1.547,1.08,,
09/11/1972 08:30,1.61,1.12,,
09/11/1972 09:00,1.674,0.88,,
09/11/1972 09:30,1.786,1.24,,
09/11/1972 10:00,2.036,1.12,,
09/11/1972 10:30,2.405,1.48,,
09/11/1972 11:00,2.966,1.6,,
09/11/1972 11:30,3.511,1.6,,
09/11/1972 12:00,4.161,1.36,,
09/11/1972 12:30,4.793,1.16,,
09/11/1972 13:00,5.289,0.96,,
09/11/1972 13:30,5.656,1.36,,
09/11/1972 14:00,6.018,2.2,,
09/11/1972 14:30,6.719,0.84,,
09/11/1972 15:00,7.236,1.16,,
09/11/1972 15:30,7.351,0.6,,
09/11/1972 16:00,7.122,0.64,,
09/11/1972 16:30,6.61,0.48,,
09/11/1972 17:00,6.247,0.2,,
09/11/1972 17:30,5.795,0.08,,
09/11/1972 18:00,5.346,0,,
09/11/1972 18:30,4.991,0.08,,
09/11/1972 19:00,4.582,0,,
09/11/1972 19:30,4.194,0,,
09/11/1972 20:00,3.937,0,,
09/11/1972 20:30,3.689,0,,
09/11/1972 21:00,3.496,0,,
09/11/1972 21:30,3.38,0.08,,
09/11/1972 22:00,3.21,0.04,,
09/11/1972 22:30,3.087,0,,
09/11/1972 23:00,2.993,0,,
09/11/1972 23:30,2.888,0,,
10/11/1972 00:00,2.803,0,,
10/11/1972 00:30,2.696,0,,
10/11/1972 01:00,2.577,0,,
10/11/1972 01:30,2.476,0,,
10/11/1972 02:00,2.391,0,,
10/11/1972 02:30,2.336,0,,
10/11/1972 03:00,2.269,0,,
10/11/1972 03:30,2.202,0.04,,
10/11/1972 04:00,2.163,0,,
10/11/1972 04:30,2.111,0.08,,
10/11/1972 05:00,2.061,0,,
10/11/1972 05:30,2.036,0.04,,
10/11/1972 06:00,2.011,0,,
10/11/1972 06:30,1.986,0,,
10/11/1972 07:00,1.914,0.2,,
10/11/1972 07:30,1.902,0.04,,
10/11/1972 08:00,1.89,0.16,,
10/11/1972 08:30,1.855,0.12,,
10/11/1972 09:00,1.82,0.2,,
10/11/1972 09:30,1.809,0.16,,
10/11/1972 10:00,1.786,0.12,,
10/11/1972 10:30,1.763,0.2,,
10/11/1972 11:00,1.741,0.08,,
10/11/1972 11:30,1.718,0.04,,
10/11/1972 12:00,1.696,0.04,,
10/11/1972 12:30,1.664,0.04,,
10/11/1972 13:00,1.642,0.08,,
10/11/1972 13:30,1.621,0.04,,
10/11/1972 14:00,1.599,0,,
10/11/1972 14:30,1.578,0,,
10/11/1972 15:00,1.568,0.04,,
10/11/1972 15:30,1.537,0.04,,
10/11/1972 16:00,1.517,0,,
10/11/1972 16:30,1.496,0,,
10/11/1972 17:00,1.486,0,,
10/11/1972 17:30,1.466,0.04,,
10/11/1972 18:00,1.466,0.04,,
10/11/1972 18:30,1.456,0.2,,
10/11/1972 19:00,1.447,0.32,,
10/11/1972 19:30,1.427,0.16,,
10/11/1972 20:00,1.437,0.32,,
10/11/1972 20:30,1.456,0.16,,
10/11/1972 21:00,1.486,0.08,,
10/11/1972 21:30,1.496,0.12,,
10/11/1972 22:00,1.506,0.16,,
10/11/1972 22:30,1.506,0.04,,
10/11/1972 23:00,1.506,0.04,,
10/11/1972 23:30,1.517,0.2,,
11/11/1972 00:00,1.517,0.16,,
11/11/1972 00:30,1.517,0.24,,
11/11/1972 01:00,1.517,0.52,,
11/11/1972 01:30,1.527,0.44,,
11/11/1972 02:00,1.547,0.36,,
11/11/1972 02:30,1.558,0.32,,
11/11/1972 03:00,1.589,0.08,,
11/11/1972 03:30,1.621,0.08,,
11/11/1972 04:00,1.653,0.16,,
11/11/1972 04:30,1.674,0.12,,
11/11/1972 05:00,1.674,0.04,,
11/11/1972 05:30,1.664,0.04,,
11/11/1972 06:00,1.642,0.16,,
11/11/1972 06:30,1.621,0.12,,
11/11/1972 07:00,1.599,0.2,,
11/11/1972 07:30,1.578,0.08,,
11/11/1972 08:00,1.558,0.12,,
11/11/1972 08:30,1.547,0.12,,
11/11/1972 09:00,1.537,0.12,,
11/11/1972 09:30,1.527,0.08,,
11/11/1972 10:00,1.517,0.04,,
11/11/1972 10:30,1.506,0,,
11/11/1972 11:00,1.496,0.12,,
11/11/1972 11:30,1.486,0,,
11/11/1972 12:00,1.476,0.12,,
11/11/1972 12:30,1.466,0.08,,
11/11/1972 13:00,1.456,0,,
11/11/1972 13:30,1.447,0.16,,
11/11/1972 14:00,1.417,0,,
11/11/1972 14:30,1.417,0.12,,
11/11/1972 15:00,1.398,0,,
11/11/1972 15:30,1.388,0.04,,
11/11/1972 16:00,1.388,0,,
11/11/1972 16:30,1.379,0.16,,
11/11/1972 17:00,1.369,0.32,,
11/11/1972 17:30,1.36,0.16,,
11/11/1972 18:00,1.36,0.4,,
11/11/1972 18:30,1.388,0.88,,
11/11/1972 19:00,1.437,0.56,,
11/11/1972 19:30,1.578,0.76,,
11/11/1972 20:00,1.786,0.52,,
11/11/1972 20:30,2.036,0.92,,
11/11/1972 21:00,2.336,0.6,,
11/11/1972 21:30,2.726,0.72,,
11/11/1972 22:00,3.02,0.88,,
11/11/1972 22:30,3.238,0.52,,
11/11/1972 23:00,3.309,0.2,,
11/11/1972 23:30,3.309,0.08,,
12/11/1972 00:00,3.266,0.04,,
12/11/1972 00:30,3.183,0.04,,
12/11/1972 01:00,3.073,0.16,,
12/11/1972 01:30,2.98,0.12,,
12/11/1972 02:00,2.875,0.16,,
12/11/1972 02:30,2.788,0.28,,
12/11/1972 03:00,2.711,0.08,,
12/11/1972 03:30,2.681,0.44,,
12/11/1972 04:00,2.636,0.32,,
12/11/1972 04:30,2.636,0.48,,
12/11/1972 05:00,2.636,0.44,,
12/11/1972 05:30,2.666,0.96,,
12/11/1972 06:00,2.819,1.48,,
12/11/1972 06:30,3.073,3.08,,
12/11/1972 07:00,3.766,2.08,,
12/11/1972 07:30,5.48,2.24,,
12/11/1972 08:00,8.093,2.68,,
12/11/1972 08:30,10.738,2.76,,
12/11/1972 09:00,12.656,2.16,,
12/11/1972 09:30,13.791,1.28,,
12/11/1972 10:00,14.242,1.48,,
12/11/1972 10:30,14.033,1.28,,
12/11/1972 11:00,13.757,1.36,,
12/11/1972 11:30,13.895,1.68,,
12/11/1972 12:00,14.137,1.28,,
12/11/1972 12:30,14.666,1.2,,
12/11/1972 13:00,14.773,0.8,,
12/11/1972 13:30,14.701,0.48,,
12/11/1972 14:00,13.86,0.2,,
12/11/1972 14:30,12.623,0,,
12/11/1972 15:00,11.796,0,,
12/11/1972 15:30,10.974,0.04,,
12/11/1972 16:00,10.104,0,,
12/11/1972 16:30,9.685,0,,
12/11/1972 17:00,9.064,0.24,,
12/11/1972 17:30,8.673,0.64,,
12/11/1972 18:00,8.317,0.08,,
12/11/1972 18:30,7.898,0,,
12/11/1972 19:00,7.633,0.12,,
12/11/1972 19:30,7.259,0.16,,
12/11/1972 20:00,7.076,0,,
12/11/1972 20:30,6.896,0,,
12/11/1972 21:00,6.61,0,,
12/11/1972 21:30,6.395,0,,
12/11/1972 22:00,6.184,0,,
12/11/1972 22:30,5.998,0.04,,
12/11/1972 23:00,5.775,0,,
12/11/1972 23:30,5.617,0,,
13/11/1972 00:00,5.499,0,,
13/11/1972 00:30,5.289,0,,
13/11/1972 01:00,5.157,0,,
13/11/1972 01:30,5.064,0.04,,
13/11/1972 02:00,5.009,0.08,,
13/11/1972 02:30,4.828,0.04,,
13/11/1972 03:00,4.722,0,,
13/11/1972 03:30,4.634,0,,
13/11/1972 04:00,4.547,0,,
13/11/1972 04:30,4.411,0,,
13/11/1972 05:00,4.327,0,,
13/11/1972 05:30,4.227,0,,
13/11/1972 06:00,4.161,0.12,,
13/11/1972 06:30,4.064,0.08,,
13/11/1972 07:00,4.016,0.04,,
13/11/1972 07:30,3.968,0.24,,
13/11/1972 08:00,3.968,0.2,,
13/11/1972 08:30,3.937,0.2,,
13/11/1972 09:00,3.89,0,,
13/11/1972 09:30,3.843,0,,
13/11/1972 10:00,3.781,0.12,,
13/11/1972 10:30,3.705,0,,
13/11/1972 11:00,3.629,0.2,,
13/11/1972 11:30,3.584,0,,
13/11/1972 12:00,3.54,0,,
13/11/1972 12:30,3.481,0,,
13/11/1972 13:00,3.438,0,,
13/11/1972 13:30,3.409,0,,
13/11/1972 14:00,3.38,0,,
13/11/1972 14:30,3.28,0,,
13/11/1972 15:00,3.238,0,,
13/11/1972 15:30,3.197,0,,
13/11/1972 16:00,3.155,0,,
13/11/1972 16:30,3.128,0,,
13/11/1972 17:00,3.087,0,,
13/11/1972 17:30,3.073,0,,
13/11/1972 18:00,3.046,0,,
13/11/1972 18:30,3.02,0,,
13/11/1972 19:00,2.966,0,,
13/11/1972 19:30,2.94,0,,
13/11/1972 20:00,2.901,0,,
13/11/1972 20:30,2.875,0,,
13/11/1972 21:00,2.85,0,,
13/11/1972 21:30,2.819,0,,
13/11/1972 22:00,2.772,0,,
13/11/1972 22:30,2.726,0,,
13/11/1972 23:00,2.711,0,,
13/11/1972 23:30,2.666,0,,
14/11/1972 00:00,2.606,0,,
14/11/1972 00:30,2.577,0,,
14/11/1972 01:00,2.533,0.04,,
14/11/1972 01:30,2.49,0,,
14/11/1972 02:00,2.462,0.04,,
14/11/1972 02:30,2.433,0.05,,
14/11/1972 03:00,2.405,0,,
14/11/1972 03:30,2.378,0.05,,
14/11/1972 04:00,2.364,0.15,,
14/11/1972 04:30,2.35,0.1,,
14/11/1972 05:00,2.35,0,,
14/11/1972 05:30,2.336,0.05,,
14/11/1972 06:00,2.323,0,,
14/11/1972 06:30,2.282,0,,
14/11/1972 07:00,2.255,0.05,,
14/11/1972 07:30,2.229,0,,
14/11/1972 08:00,2.202,0,,
14/11/1972 08:30,2.176,0,,
14/11/1972 09:00,2.15,0,,
14/11/1972 09:30,2.137,0,,
14/11/1972 10:00,2.111,0,,
14/11/1972 10:30,2.099,0,,
14/11/1972 11:00,2.073,0,,
14/11/1972 11:30,2.048,0,,
14/11/1972 12:00,2.036,0,,
14/11/1972 12:30,2.023,0,,
14/11/1972 13:00,2.011,0,,
14/11/1972 13:30,1.999,0,,
14/11/1972 14:00,1.986,0.05,,
14/11/1972 14:30,1.926,0,,
14/11/1972 15:00,1.914,0,,
14/11/1972 15:30,1.89,0,,
14/11/1972 16:00,1.878,0,,
14/11/1972 16:30,1.867,0,,
14/11/1972 17:00,1.843,0,,
14/11/1972 17:30,1.832,0,,
14/11/1972 18:00,1.82,0,,
14/11/1972 18:30,1.797,0,,
14/11/1972 19:00,1.786,0,,
14/11/1972 19:30,1.774,0,,
14/11/1972 20:00,1.763,0,,
14/11/1972 20:30,1.752,0,,
14/11/1972 21:00,1.73,0,,
14/11/1972 21:30,1.73,0,,
14/11/1972 22:00,1.718,0,,
14/11/1972 22:30,1.696,0,,
14/11/1972 23:00,1.685,0,,
14/11/1972 23:30,1.674,0,,
15/11/1972 00:00,1.664,0,,
15/11/1972 00:30,1.642,0,,
15/11/1972 01:00,1.631,0,,
15/11/1972 01:30,1.621,0,,
15/11/1972 02:00,1.61,0,,
15/11/1972 02:30,1.599,0.05,,
15/11/1972 03:00,1.589,0.05,,
15/11/1972 03:30,1.589,0,,
15/11/1972 04:00,1.578,0,,
15/11/1972 04:30,1.568,0.05,,
15/11/1972 05:00,1.568,0,,
15/11/1972 05:30,1.558,0.05,,
15/11/1972 06:00,1.547,0,,
15/11/1972 06:30,1.537,0,,
15/11/1972 07:00,1.527,0,,
15/11/1972 07:30,1.517,0,,
15/11/1972 08:00,1.506,0,,
15/11/1972 08:30,1.496,0,,
15/11/1972 09:00,1.486,0,,
15/11/1972 09:30,1.486,0,,
15/11/1972 10:00,1.476,0,,
15/11/1972 10:30,1.466,0,,
15/11/1972 11:00,1.466,0,,
15/11/1972 11:30,1.456,0,,
15/11/1972 12:00,1.447,0,,
15/11/1972 12:30,1.427,0,,
15/11/1972 13:00,1.417,0,,
15/11/1972 13:30,1.408,0,,
15/11/1972 14:00,1.398,0,,
15/11/1972 14:30,1.388,0,,
15/11/1972 15:00,1.388,0,,
15/11/1972 15:30,1.379,0,,
15/11/1972 16:00,1.369,0,,
15/11/1972 16:30,1.369,0.05,,
15/11/1972 17:00,1.36,0,,
15/11/1972 17:30,1.35,0,,
15/11/1972 18:00,1.341,0,,
15/11/1972 18:30,1.341,0,,
15/11/1972 19:00,1.332,0,,
15/11/1972 19:30,1.322,0,,
15/11/1972 20:00,1.322,0,,
15/11/1972 20:30,1.313,0,,
15/11/1972 21:00,1.304,0,,
15/11/1972 21:30,1.304,0,,
15/11/1972 22:00,1.295,0,,
15/11/1972 22:30,1.286,0,,
15/11/1972 23:00,1.286,0,,
15/11/1972 23:30,1.277,0,,
16/11/1972 00:00,1.268,0,,
16/11/1972 00:30,1.268,0,,
16/11/1972 01:00,1.259,0,,
16/11/1972 01:30,1.259,0.05,,
16/11/1972 02:00,1.25,0,,
16/11/1972 02:30,1.25,0,,
16/11/1972 03:00,1.241,0.05,,
16/11/1972 03:30,1.232,0.05,,
16/11/1972 04:00,1.232,0.05,,
16/11/1972 04:30,1.223,0,,
16/11/1972 05:00,1.223,0.05,,
16/11/1972 05:30,1.223,0,,
16/11/1972 06:00,1.215,0,,
16/11/1972 06:30,1.215,0,,
16/11/1972 07:00,1.206,0.05,,
16/11/1972 07:30,1.189,0,,
16/11/1972 08:00,1.171,0,,
16/11/1972 08:30,1.163,0,,
16/11/1972 09:00,1.155,0,,
16/11/1972 09:30,1.146,0,,
16/11/1972 10:00,1.146,0,,
16/11/1972 10:30,1.138,0,,
16/11/1972 11:00,1.129,0,,
16/11/1972 11:30,1.129,0,,
16/11/1972 12:00,1.121,0,,
16/11/1972 12:30,1.113,0,,
16/11/1972 13:00,1.105,0,,
16/11/1972 13:30,1.105,0,,
16/11/1972 14:00,1.097,0,,
16/11/1972 14:30,1.088,0,,
16/11/1972 15:00,1.088,0,,
16/11/1972 15:30,1.08,0,,
16/11/1972 16:00,1.072,0,,
16/11/1972 16:30,1.064,0,,
16/11/1972 17:00,1.056,0,,
16/11/1972 17:30,1.048,0,,
16/11/1972 18:00,1.048,0,,
16/11/1972 18:30,1.041,0,,
16/11/1972 19:00,1.033,0,,
16/11/1972 19:30,1.033,0,,
16/11/1972 20:00,1.033,0,,
16/11/1972 20:30,1.033,0,,
16/11/1972 21:00,1.025,0,,
16/11/1972 21:30,1.025,0,,
16/11/1972 22:00,1.025,0,,
16/11/1972 22:30,1.017,0,,
16/11/1972 23:00,1.017,0,,
16/11/1972 23:30,1.017,0,,
17/11/1972 00:00,1.01,0,,
17/11/1972 00:30,1.01,0,,
17/11/1972 01:00,0.871,0,,
17/11/1972 01:30,1.002,0,,
17/11/1972 02:00,0.994,0,,
17/11/1972 02:30,0.994,0,,
17/11/1972 03:00,0.987,0.05,,
17/11/1972 03:30,0.964,0,,
17/11/1972 04:00,0.957,0,,
17/11/1972 04:30,0.957,0.05,,
17/11/1972 05:00,0.957,0.08,,
17/11/1972 05:30,0.949,0,,
17/11/1972 06:00,0.949,0,,
17/11/1972 06:30,0.949,0,,
17/11/1972 07:00,0.942,0,,
17/11/1972 07:30,0.942,0,,
17/11/1972 08:00,0.935,0,,
17/11/1972 08:30,0.935,0,,
17/11/1972 09:00,0.927,0,,
17/11/1972 09:30,0.92,0,,
17/11/1972 10:00,0.92,0,,
17/11/1972 10:30,0.913,0,,
17/11/1972 11:00,0.913,0,,
17/11/1972 11:30,0.906,0,,
17/11/1972 12:00,0.899,0,,
17/11/1972 12:30,0.899,0,,
17/11/1972 13:00,0.892,0,,
17/11/1972 13:30,0.885,0,,
17/11/1972 14:00,0.885,0,,
17/11/1972 14:30,0.878,0,,
17/11/1972 15:00,0.871,0,,
17/11/1972 15:30,0.871,0,,
17/11/1972 16:00,0.864,0,,
17/11/1972 16:30,0.864,0,,
17/11/1972 17:00,0.857,0,,
17/11/1972 17:30,0.857,0,,
17/11/1972 18:00,0.857,0,,
17/11/1972 18:30,0.85,0,,
17/11/1972 19:00,0.85,0,,
17/11/1972 19:30,0.843,0,,
17/11/1972 20:00,0.843,0,,
17/11/1972 20:30,0.843,0,,
17/11/1972 21:00,0.843,0,,
17/11/1972 21:30,0.836,0,,
17/11/1972 22:00,0.836,0,,
17/11/1972 22:30,0.836,0,,
17/11/1972 23:00,0.83,0,,
17/11/1972 23:30,0.83,0,,
18/11/1972 00:00,0.823,0,,
18/11/1972 00:30,0.823,0,,
18/11/1972 01:00,0.823,0,,
18/11/1972 01:30,0.816,0,,
18/11/1972 02:00,0.816,0,,
18/11/1972 02:30,0.81,0,,
18/11/1972 03:00,0.81,0.04,,
18/11/1972 03:30,0.81,0,,
18/11/1972 04:00,0.81,0,,
18/11/1972 04:30,0.81,0.04,,
18/11/1972 05:00,0.81,0,,
18/11/1972 05:30,0.81,0,,
18/11/1972 06:00,0.81,0,,
18/11/1972 06:30,0.803,0,,
18/11/1972 07:00,0.803,0,,
18/11/1972 07:30,0.803,0,,
18/11/1972 08:00,0.803,0,,
18/11/1972 08:30,0.797,0,,
18/11/1972 09:00,0.797,0,,
18/11/1972 09:30,0.797,0,,
18/11/1972 10:00,0.797,0,,
18/11/1972 10:30,0.79,0,,
18/11/1972 11:00,0.79,0,,
18/11/1972 11:30,0.79,0.04,,
18/11/1972 12:00,0.79,0.04,,
18/11/1972 12:30,0.797,0.2,,
18/11/1972 13:00,0.803,0.32,,
18/11/1972 13:30,0.823,0.4,,
18/11/1972 14:00,0.836,0.6,,
18/11/1972 14:30,0.864,0.6,,
18/11/1972 15:00,0.906,0.72,,
18/11/1972 15:30,0.949,0.6,,
18/11/1972 16:00,0.987,0.6,,
18/11/1972 16:30,1.056,0.36,,
18/11/1972 17:00,1.121,0.52,,
18/11/1972 17:30,1.189,0.48,,
18/11/1972 18:00,1.268,0.36,,
18/11/1972 18:30,1.322,0.44,,
18/11/1972 19:00,1.369,0.12,,
18/11/1972 19:30,1.398,0.28,,
18/11/1972 20:00,1.398,0.04,,
18/11/1972 20:30,1.398,0.08,,
18/11/1972 21:00,1.388,0.04,,
18/11/1972 21:30,1.369,0.12,,
18/11/1972 22:00,1.341,0.08,,
18/11/1972 22:30,1.322,0.08,,
18/11/1972 23:00,1.304,0.08,,
18/11/1972 23:30,1.286,0.08,,
19/11/1972 00:00,1.277,0.08,,
19/11/1972 00:30,1.268,0.12,,
19/11/1972 01:00,1.259,0.12,,
19/11/1972 01:30,1.241,0.12,,
19/11/1972 02:00,1.232,0.08,,
19/11/1972 02:30,1.223,0.08,,
19/11/1972 03:00,1.215,0.04,,
19/11/1972 03:30,1.215,0.08,,
19/11/1972 04:00,1.215,0.12,,
19/11/1972 04:30,1.215,0.08,,
19/11/1972 05:00,1.215,0.16,,
19/11/1972 05:30,1.223,0.12,,
19/11/1972 06:00,1.241,0.04,,
19/11/1972 06:30,1.259,0.12,,
19/11/1972 07:00,1.277,0.16,,
19/11/1972 07:30,1.304,0.36,,
19/11/1972 08:00,1.379,1.48,,
19/11/1972 08:30,1.517,2.12,,
19/11/1972 09:00,1.797,2.04,,
19/11/1972 09:30,2.163,0.6,,
19/11/1972 10:00,2.666,0.52,,
19/11/1972 10:30,3.073,0.04,,
19/11/1972 11:00,3.128,0.04,,
19/11/1972 11:30,3.06,0.04,,
19/11/1972 12:00,2.953,0,,
19/11/1972 12:30,2.834,0.08,,
19/11/1972 13:00,2.696,0.48,,
19/11/1972 13:30,2.504,0.36,,
19/11/1972 14:00,2.378,0.04,,
19/11/1972 14:30,2.323,0,,
19/11/1972 15:00,2.229,0,,
19/11/1972 15:30,2.15,0,,
19/11/1972 16:00,2.086,0.04,,
19/11/1972 16:30,2.023,0,,
19/11/1972 17:00,1.938,0,,
19/11/1972 17:30,1.89,0,,
19/11/1972 18:00,1.855,0,,
19/11/1972 18:30,1.82,0,,
19/11/1972 19:00,1.786,0,,
19/11/1972 19:30,1.763,0.2,,
19/11/1972 20:00,1.741,1.16,,
19/11/1972 20:30,1.752,0.48,,
19/11/1972 21:00,1.774,0.24,,
19/11/1972 21:30,1.797,0.08,,
19/11/1972 22:00,1.855,0,,
19/11/1972 22:30,1.878,0.04,,
19/11/1972 23:00,1.89,0.12,,
19/11/1972 23:30,1.89,0.24,,
20/11/1972 00:00,1.878,0.04,,
20/11/1972 00:30,1.855,0,,
20/11/1972 01:00,1.843,0,,
20/11/1972 01:30,1.82,0.04,,
20/11/1972 02:00,1.809,0.04,,
20/11/1972 02:30,1.797,0.64,,
20/11/1972 03:00,1.832,1.52,,
20/11/1972 03:30,1.902,0.68,,
20/11/1972 04:00,1.999,0.12,,
20/11/1972 04:30,2.215,0.28,,
20/11/1972 05:00,2.364,0.68,,
20/11/1972 05:30,2.462,0.8,,
20/11/1972 06:00,2.577,0.12,,
20/11/1972 06:30,2.651,0,,
20/11/1972 07:00,2.696,0.04,,
20/11/1972 07:30,2.681,0,,
20/11/1972 08:00,2.592,0,,
20/11/1972 08:30,2.533,0,,
20/11/1972 09:00,2.462,0.88,,
20/11/1972 09:30,2.433,0.12,,
20/11/1972 10:00,2.419,0.84,,
20/11/1972 10:30,2.433,0.76,,
20/11/1972 11:00,2.533,0.48,,
20/11/1972 11:30,2.666,0.52,,
20/11/1972 12:00,2.862,0.36,,
20/11/1972 12:30,3.02,0.32,,
20/11/1972 13:00,3.155,0.56,,
20/11/1972 13:30,3.252,0.12,,
20/11/1972 14:00,3.28,0.28,,
20/11/1972 14:30,3.28,0.24,,
20/11/1972 15:00,3.266,0.04,,
20/11/1972 15:30,3.238,0.16,,
20/11/1972 16:00,3.21,0.32,,
20/11/1972 16:30,3.169,0.24,,
20/11/1972 17:00,3.141,0.36,,
20/11/1972 17:30,3.114,0.16,,
20/11/1972 18:00,3.1,0.2,,
20/11/1972 18:30,3.1,0.24,,
20/11/1972 19:00,3.087,0.04,,
20/11/1972 19:30,3.073,0,,
20/11/1972 20:00,3.06,0.04,,
20/11/1972 20:30,3.033,0,,
20/11/1972 21:00,2.98,0,,
20/11/1972 21:30,2.927,0,,
20/11/1972 22:00,2.888,0,,
20/11/1972 22:30,2.862,0,,
20/11/1972 23:00,2.834,0,,
20/11/1972 23:30,2.788,0,,
21/11/1972 00:00,2.741,0,,
21/11/1972 00:30,2.711,0,,
21/11/1972 01:00,2.666,0,,
21/11/1972 01:30,2.621,0,,
21/11/1972 02:00,2.592,0,,
21/11/1972 02:30,2.548,0,,
21/11/1972 03:00,2.519,0,,
21/11/1972 03:30,2.49,0,,
21/11/1972 04:00,2.462,0,,
21/11/1972 04:30,2.448,0,,
21/11/1972 05:00,2.419,0,,
21/11/1972 05:30,2.391,0,,
21/11/1972 06:00,2.378,0,,
21/11/1972 06:30,2.364,0.36,,
21/11/1972 07:00,2.364,0.52,,
21/11/1972 07:30,2.364,0.2,,
21/11/1972 08:00,2.364,0,,
21/11/1972 08:30,2.378,0.08,,
21/11/1972 09:00,2.364,0.04,,
21/11/1972 09:30,2.364,0,,
21/11/1972 10:00,2.35,0.04,,
21/11/1972 10:30,2.336,0.2,,
21/11/1972 11:00,2.336,0.24,,
21/11/1972 11:30,2.336,0.24,,
21/11/1972 12:00,2.336,0.48,,
21/11/1972 12:30,2.35,0.68,,
21/11/1972 13:00,2.391,0.44,,
21/11/1972 13:30,2.49,1.24,,
21/11/1972 14:00,2.636,1.04,,
21/11/1972 14:30,2.803,0.72,,
21/11/1972 15:00,2.914,0.24,,
21/11/1972 15:30,3.006,0.12,,
21/11/1972 16:00,3.046,0.03,,
21/11/1972 16:30,3.06,0.2,,
21/11/1972 17:00,3.046,0.57,,
21/11/1972 17:30,3.033,0.73,,
21/11/1972 18:00,3.033,0.73,,
21/11/1972 18:30,3.073,0.53,,
21/11/1972 19:00,3.128,0.17,,
21/11/1972 19:30,3.183,0.57,,
21/11/1972 20:00,3.309,0.53,,
21/11/1972 20:30,3.423,0.33,,
21/11/1972 21:00,3.584,0.07,,
21/11/1972 21:30,3.72,0.1,,
21/11/1972 22:00,3.75,0.03,,
21/11/1972 22:30,3.674,0.13,,
21/11/1972 23:00,3.599,0,,
21/11/1972 23:30,3.511,0,,
22/11/1972 00:00,3.438,0.17,,
22/11/1972 00:30,3.394,0.53,,
22/11/1972 01:00,3.351,0.03,,
22/11/1972 01:30,3.337,0,,
22/11/1972 02:00,3.366,0,,
22/11/1972 02:30,3.394,0,,
22/11/1972 03:00,3.366,0,,
22/11/1972 03:30,3.266,0.17,,
22/11/1972 04:00,3.224,0.2,,
22/11/1972 04:30,3.183,0.13,,
22/11/1972 05:00,3.141,0,,
22/11/1972 05:30,3.128,0,,
22/11/1972 06:00,3.087,0,,
22/11/1972 06:30,3.06,0,,
22/11/1972 07:00,3.033,0,,
22/11/1972 07:30,2.98,0,,
22/11/1972 08:00,2.94,0,,
22/11/1972 08:30,2.901,0,,
22/11/1972 09:00,2.875,0,,
22/11/1972 09:30,2.862,0,,
22/11/1972 10:00,2.834,0,,
22/11/1972 10:30,2.819,0,,
22/11/1972 11:00,2.788,0,,
22/11/1972 11:30,2.772,0,,
22/11/1972 12:00,2.726,0,,
22/11/1972 12:30,2.711,0,,
22/11/1972 13:00,2.696,0.03,,
22/11/1972 13:30,2.681,0,,
22/11/1972 14:00,2.651,0.03,,
22/11/1972 14:30,2.621,0,,
22/11/1972 15:00,2.606,0,,
22/11/1972 15:30,2.577,0,,
22/11/1972 16:00,2.548,0,,
22/11/1972 16:30,2.519,0,,
22/11/1972 17:00,2.504,0,,
22/11/1972 17:30,2.49,0,,
22/11/1972 18:00,2.462,0,,
22/11/1972 18:30,2.433,0,,
22/11/1972 19:00,2.419,0,,
22/11/1972 19:30,2.391,0,,
22/11/1972 20:00,2.378,0,,
22/11/1972 20:30,2.364,0,,
22/11/1972 21:00,2.35,0,,
22/11/1972 21:30,2.336,0,,
22/11/1972 22:00,2.336,0,,
22/11/1972 22:30,2.323,0,,
22/11/1972 23:00,2.295,0,,
22/11/1972 23:30,2.269,0.03,,
23/11/1972 00:00,2.255,0,,
23/11/1972 00:30,2.229,0,,
23/11/1972 01:00,2.215,0,,
23/11/1972 01:30,2.202,0,,
23/11/1972 02:00,2.189,0.03,,
23/11/1972 02:30,2.176,0,,
23/11/1972 03:00,2.163,0,,
23/11/1972 03:30,2.15,0.1,,
23/11/1972 04:00,2.137,0.07,,
23/11/1972 04:30,2.124,0.03,,
23/11/1972 05:00,2.111,0,,
23/11/1972 05:30,2.099,0.03,,
23/11/1972 06:00,2.086,0.03,,
23/11/1972 06:30,2.061,0,,
23/11/1972 07:00,2.048,0.03,,
23/11/1972 07:30,2.048,0,,
23/11/1972 08:00,2.036,0,,
23/11/1972 08:30,2.023,0,,
23/11/1972 09:00,2.023,0,,
23/11/1972 09:30,2.011,0,,
23/11/1972 10:00,1.999,0.03,,
23/11/1972 10:30,1.95,0,,
23/11/1972 11:00,1.938,0,,
23/11/1972 11:30,1.914,0,,
23/11/1972 12:00,1.902,0,,
23/11/1972 12:30,1.89,0.07,,
23/11/1972 13:00,1.878,0.03,,
23/11/1972 13:30,1.867,0,,
23/11/1972 14:00,1.855,0,,
23/11/1972 14:30,1.843,0,,
23/11/1972 15:00,1.832,0,,
23/11/1972 15:30,1.82,0,,
23/11/1972 16:00,1.809,0,,
23/11/1972 16:30,1.797,0,,
23/11/1972 17:00,1.786,0,,
23/11/1972 17:30,1.774,0,,
23/11/1972 18:00,1.763,0,,
23/11/1972 18:30,1.752,0,,
23/11/1972 19:00,1.741,0,,
23/11/1972 19:30,1.73,0,,
23/11/1972 20:00,1.73,0,,
23/11/1972 20:30,1.718,0,,
23/11/1972 21:00,1.707,0,,
23/11/1972 21:30,1.696,0,,
23/11/1972 22:00,1.674,0,,
23/11/1972 22:30,1.664,0,,
23/11/1972 23:00,1.653,0,,
23/11/1972 23:30,1.642,0,,
24/11/1972 00:00,1.631,0,,
24/11/1972 00:30,1.621,0,,
24/11/1972 01:00,1.61,0,,
24/11/1972 01:30,1.599,0,,
24/11/1972 02:00,1.589,0,,
24/11/1972 02:30,1.568,0,,
24/11/1972 03:00,1.568,0,,
24/11/1972 03:30,1.558,0,,
24/11/1972 04:00,1.558,0,,
24/11/1972 04:30,1.547,0,,
24/11/1972 05:00,1.537,0,,
24/11/1972 05:30,1.527,0,,
24/11/1972 06:00,1.527,0,,
24/11/1972 06:30,1.517,0,,
24/11/1972 07:00,1.506,0,,
24/11/1972 07:30,1.506,0,,
24/11/1972 08:00,1.496,0,,
24/11/1972 08:30,1.486,0,,
24/11/1972 09:00,1.476,0,,
24/11/1972 09:30,1.476,0,,
24/11/1972 10:00,1.466,0,,
24/11/1972 10:30,1.456,0,,
24/11/1972 11:00,1.456,0,,
24/11/1972 11:30,1.447,0,,
24/11/1972 12:00,1.417,0,,
24/11/1972 12:30,1.417,0,,
24/11/1972 13:00,1.408,0,,
24/11/1972 13:30,1.398,0,,
24/11/1972 14:00,1.388,0,,
24/11/1972 14:30,1.379,0,,
24/11/1972 15:00,1.369,0,,
24/11/1972 15:30,1.36,0,,
24/11/1972 16:00,1.35,0,,
24/11/1972 16:30,1.341,0,,
24/11/1972 17:00,1.332,0,,
24/11/1972 17:30,1.332,0,,
24/11/1972 18:00,1.322,0,,
24/11/1972 18:30,1.313,0,,
24/11/1972 19:00,1.304,0,,
24/11/1972 19:30,1.304,0,,
24/11/1972 20:00,1.295,0,,
24/11/1972 20:30,1.286,0,,
24/11/1972 21:00,1.286,0,,
24/11/1972 21:30,1.277,0,,
24/11/1972 22:00,1.277,0,,
24/11/1972 22:30,1.268,0,,
24/11/1972 23:00,1.268,0,,
24/11/1972 23:30,1.259,0,,
25/11/1972 00:00,1.259,0,,
25/11/1972 00:30,1.25,0,,
25/11/1972 01:00,1.25,0,,
25/11/1972 01:30,1.241,0,,
25/11/1972 02:00,1.241,0,,
25/11/1972 02:30,1.232,0,,
25/11/1972 03:00,1.232,0,,
25/11/1972 03:30,1.223,0,,
25/11/1972 04:00,1.223,0,,
25/11/1972 04:30,1.223,0.03,,
25/11/1972 05:00,1.223,0,,
25/11/1972 05:30,1.215,0,,
25/11/1972 06:00,1.215,0,,
25/11/1972 06:30,1.215,0,,
25/11/1972 07:00,1.206,0,,
25/11/1972 07:30,1.206,0.03,,
25/11/1972 08:00,1.197,0,,
25/11/1972 08:30,1.171,0.03,,
25/11/1972 09:00,1.171,0.2,,
25/11/1972 09:30,1.171,0.13,,
25/11/1972 10:00,1.171,0.1,,
25/11/1972 10:30,1.171,0.13,,
25/11/1972 11:00,1.171,0.1,,
25/11/1972 11:30,1.171,0.17,,
25/11/1972 12:00,1.171,0,,
25/11/1972 12:30,1.18,0,,
25/11/1972 13:00,1.18,0,,
25/11/1972 13:30,1.18,0,,
25/11/1972 14:00,1.18,0.07,,
25/11/1972 14:30,1.171,0.3,,
25/11/1972 15:00,1.163,0.2,,
25/11/1972 15:30,1.163,0.07,,
25/11/1972 16:00,1.163,0,,
25/11/1972 16:30,1.155,0,,
25/11/1972 17:00,1.155,0,,
25/11/1972 17:30,1.155,0,,
25/11/1972 18:00,1.146,0,,
25/11/1972 18:30,1.138,0,,
25/11/1972 19:00,1.138,0,,
25/11/1972 19:30,1.129,0,,
25/11/1972 20:00,1.121,0,,
25/11/1972 20:30,1.113,0,,
25/11/1972 21:00,1.105,0,,
25/11/1972 21:30,1.097,0,,
25/11/1972 22:00,1.088,0,,
25/11/1972 22:30,1.088,0,,
25/11/1972 23:00,1.08,0,,
25/11/1972 23:30,1.072,0,,
26/11/1972 00:00,1.064,0,,
26/11/1972 00:30,1.048,0,,
26/11/1972 01:00,1.048,0,,
26/11/1972 01:30,1.041,0,,
26/11/1972 02:00,1.033,0,,
26/11/1972 02:30,1.033,0,,
26/11/1972 03:00,1.033,0,,
26/11/1972 03:30,1.025,0,,
26/11/1972 04:00,1.025,0.03,,
26/11/1972 04:30,1.025,0.03,,
26/11/1972 05:00,1.025,0,,
26/11/1972 05:30,1.017,0,,
26/11/1972 06:00,1.017,0,,
26/11/1972 06:30,1.017,0,,
26/11/1972 07:00,1.017,0,,
26/11/1972 07:30,1.01,0,,
26/11/1972 08:00,1.01,0,,
26/11/1972 08:30,1.01,0,,
26/11/1972 09:00,1.002,0,,
26/11/1972 09:30,1.002,0,,
26/11/1972 10:00,0.994,0,,
26/11/1972 10:30,0.987,0,,
26/11/1972 11:00,0.972,0,,
26/11/1972 11:30,0.964,0,,
26/11/1972 12:00,0.957,0,,
26/11/1972 12:30,0.957,0,,
26/11/1972 13:00,0.957,0,,
26/11/1972 13:30,0.949,0.07,,
26/11/1972 14:00,0.949,0,,
26/11/1972 14:30,0.949,0,,
26/11/1972 15:00,0.942,0,,
26/11/1972 15:30,0.942,0,,
26/11/1972 16:00,0.942,0,,
26/11/1972 16:30,0.935,0,,
26/11/1972 17:00,0.935,0,,
26/11/1972 17:30,0.927,0,,
26/11/1972 18:00,0.927,0,,
26/11/1972 18:30,0.92,0,,
26/11/1972 19:00,0.92,0,,
26/11/1972 19:30,0.913,0,,
26/11/1972 20:00,0.913,0,,
26/11/1972 20:30,0.913,0,,
26/11/1972 21:00,0.906,0,,
26/11/1972 21:30,0.906,0,,
26/11/1972 22:00,0.899,0,,
26/11/1972 22:30,0.892,0,,
26/11/1972 23:00,0.892,0,,
26/11/1972 23:30,0.885,0,,
27/11/1972 00:00,0.885,0,,
27/11/1972 00:30,0.878,0,,
27/11/1972 01:00,0.878,0,,
27/11/1972 01:30,0.871,0,,
27/11/1972 02:00,0.871,0,,
27/11/1972 02:30,0.871,0,,
27/11/1972 03:00,0.864,0,,
27/11/1972 03:30,0.864,0,,
27/11/1972 04:00,0.864,0,,
27/11/1972 04:30,0.857,0,,
27/11/1972 05:00,0.857,0,,
27/11/1972 05:30,0.857,0,,
27/11/1972 06:00,0.857,0,,
27/11/1972 06:30,0.85,0,,
27/11/1972 07:00,0.85,0,,
27/11/1972 07:30,0.85,0.03,,
27/11/1972 08:00,0.85,0.03,,
27/11/1972 08:30,0.843,0,,
27/11/1972 09:00,0.843,0,,
27/11/1972 09:30,0.843,0.03,,
27/11/1972 10:00,0.843,0,,
27/11/1972 10:30,0.843,0.03,,
27/11/1972 11:00,0.843,0.03,,
27/11/1972 11:30,0.843,0,,
27/11/1972 12:00,0.843,0.13,,
27/11/1972 12:30,0.843,0.07,,
27/11/1972 13:00,0.843,0.1,,
27/11/1972 13:30,0.843,0.17,,
27/11/1972 14:00,0.843,0.2,,
27/11/1972 14:30,0.843,0.2,,
27/11/1972 15:00,0.85,0.43,,
27/11/1972 15:30,0.857,0.77,,
27/11/1972 16:00,0.878,0.9,,
27/11/1972 16:30,0.913,0.8,,
27/11/1972 17:00,0.949,0.5,,
27/11/1972 17:30,0.987,0.63,,
27/11/1972 18:00,1.048,0.33,,
27/11/1972 18:30,1.097,0.07,,
27/11/1972 19:00,1.129,0,,
27/11/1972 19:30,1.163,0,,
27/11/1972 20:00,1.18,0,,
27/11/1972 20:30,1.189,0,,
27/11/1972 21:00,1.18,0,,
27/11/1972 21:30,1.146,0.03,,
27/11/1972 22:00,1.121,0,,
27/11/1972 22:30,1.105,0,,
27/11/1972 23:00,1.088,0,,
27/11/1972 23:30,1.056,0,,
28/11/1972 00:00,1.041,0,,
28/11/1972 00:30,1.025,0,,
28/11/1972 01:00,1.017,0.03,,
28/11/1972 01:30,1.01,0.03,,
28/11/1972 02:00,1.01,0.1,,
28/11/1972 02:30,1.002,0.17,,
28/11/1972 03:00,1.002,0.13,,
28/11/1972 03:30,0.994,0.1,,
28/11/1972 04:00,0.987,0.03,,
28/11/1972 04:30,0.964,0.03,,
28/11/1972 05:00,0.95,0,,
28/11/1972 05:30,0.949,0,,
28/11/1972 06:00,0.949,0,,
28/11/1972 06:30,0.942,0,,
28/11/1972 07:00,0.935,0,,
28/11/1972 07:30,0.927,0,,
28/11/1972 08:00,0.92,0,,
28/11/1972 08:30,0.913,0,,
28/11/1972 09:00,0.906,0,,
28/11/1972 09:30,0.892,0,,
28/11/1972 10:00,0.885,0,,
28/11/1972 10:30,0.885,0,,
28/11/1972 11:00,0.878,0,,
28/11/1972 11:30,0.871,0,,
28/11/1972 12:00,0.871,0,,
28/11/1972 12:30,0.864,0,,
28/11/1972 13:00,0.857,0,,
28/11/1972 13:30,0.857,0,,
28/11/1972 14:00,0.85,0,,
28/11/1972 14:30,0.85,0,,
28/11/1972 15:00,0.843,0,,
28/11/1972 15:30,0.843,0,,
28/11/1972 16:00,0.843,0,,
28/11/1972 16:30,0.843,0,,
28/11/1972 17:00,0.836,0,,
28/11/1972 17:30,0.836,0,,
28/11/1972 18:00,0.836,0,,
28/11/1972 18:30,0.83,0,,
28/11/1972 19:00,0.83,0,,
28/11/1972 19:30,0.823,0,,
28/11/1972 20:00,0.823,0.1,,
28/11/1972 20:30,0.823,0.07,,
28/11/1972 21:00,0.823,0.3,,
28/11/1972 21:30,0.823,0.37,,
28/11/1972 22:00,0.83,0.33,,
28/11/1972 22:30,0.836,0.37,,
28/11/1972 23:00,0.857,0.6,,
28/11/1972 23:30,0.871,0.33,,
29/11/1972 00:00,0.899,0.03,,
29/11/1972 00:30,0.92,0.13,,
29/11/1972 01:00,0.942,0.1,,
29/11/1972 01:30,0.949,0.07,,
29/11/1972 02:00,0.957,0.2,,
29/11/1972 02:30,0.964,0.4,,
29/11/1972 03:00,0.964,0.23,,
29/11/1972 03:30,0.964,0.2,,
29/11/1972 04:00,0.964,0.03,,
29/11/1972 04:30,0.972,0.17,,
29/11/1972 05:00,0.972,0.2,,
29/11/1972 05:30,1.01,0.2,,
29/11/1972 06:00,1.025,0.2,,
29/11/1972 06:30,1.056,0.03,,
29/11/1972 07:00,1.072,0.2,,
29/11/1972 07:30,1.08,0.17,,
29/11/1972 08:00,1.088,0.07,,
29/11/1972 08:30,1.097,0.1,,
29/11/1972 09:00,1.097,0.1,,
29/11/1972 09:30,1.097,0.17,,
29/11/1972 10:00,1.097,0.17,,
29/11/1972 10:30,1.105,0.17,,
29/11/1972 11:00,1.113,0.03,,
29/11/1972 11:30,1.121,0.57,,
29/11/1972 12:00,1.138,0.3,,
29/11/1972 12:30,1.163,0.23,,
29/11/1972 13:00,1.18,0.2,,
29/11/1972 13:30,1.215,0.8,,
29/11/1972 14:00,1.277,0.47,,
29/11/1972 14:30,1.36,0.73,,
29/11/1972 15:00,1.447,0.6,,
29/11/1972 15:30,1.537,0.6,,
29/11/1972 16:00,1.653,0.73,,
29/11/1972 16:30,1.797,1.07,,
29/11/1972 17:00,1.962,0.53,,
29/11/1972 17:30,2.15,0.2,,
29/11/1972 18:00,2.282,0.2,,
29/11/1972 18:30,2.364,0.23,,
29/11/1972 19:00,2.391,0,,
29/11/1972 19:30,2.364,0,,
29/11/1972 20:00,2.323,0,,
29/11/1972 20:30,2.255,0,,
29/11/1972 21:00,2.163,0,,
29/11/1972 21:30,2.086,0,,
29/11/1972 22:00,2.036,0,,
29/11/1972 22:30,1.926,0,,
29/11/1972 23:00,1.878,0,,
29/11/1972 23:30,1.82,0,,
30/11/1972 00:00,1.774,0,,
30/11/1972 00:30,1.752,0.23,,
30/11/1972 01:00,1.707,0,,
30/11/1972 01:30,1.674,0,,
30/11/1972 02:00,1.653,0,,
30/11/1972 02:30,1.631,0.03,,
30/11/1972 03:00,1.599,0.07,,
30/11/1972 03:30,1.589,0.47,,
30/11/1972 04:00,1.578,0,,
30/11/1972 04:30,1.568,0.1,,
30/11/1972 05:00,1.547,0,,
30/11/1972 05:30,1.537,0,,
30/11/1972 06:00,1.527,0.17,,
30/11/1972 06:30,1.517,0.07,,
30/11/1972 07:00,1.506,0.03,,
30/11/1972 07:30,1.496,0.23,,
30/11/1972 08:00,1.496,0.27,,
30/11/1972 08:30,1.496,0.17,,
30/11/1972 09:00,1.496,0.67,,
30/11/1972 09:30,1.517,0.5,,
30/11/1972 10:00,1.547,0.07,,
30/11/1972 10:30,1.568,0.33,,
30/11/1972 11:00,1.589,0,,
30/11/1972 11:30,1.599,0,,
30/11/1972 12:00,1.599,0.03,,
30/11/1972 12:30,1.599,0.03,,
30/11/1972 13:00,1.599,0.1,,
30/11/1972 13:30,1.599,0.03,,
30/11/1972 14:00,1.599,0,,
30/11/1972 14:30,1.589,0.07,,
30/11/1972 15:00,1.578,0.1,,
30/11/1972 15:30,1.568,0,,
30/11/1972 16:00,1.568,0.23,,
30/11/1972 16:30,1.558,0.23,,
30/11/1972 17:00,1.558,0,,
30/11/1972 17:30,1.547,0,,
30/11/1972 18:00,1.547,0,,
30/11/1972 18:30,1.537,0.23,,
30/11/1972 19:00,1.558,0.57,,
30/11/1972 19:30,1.589,1,,
30/11/1972 20:00,1.674,1.07,,
30/11/1972 20:30,1.797,1.03,,
30/11/1972 21:00,1.986,1.3,,
30/11/1972 21:30,2.378,1.1,,
30/11/1972 22:00,3.006,1.33,,
30/11/1972 22:30,3.781,2,,
30/11/1972 23:00,4.739,1.2,,
30/11/1972 23:30,5.896,1.3,,
01/12/1972 00:00,6.523,0.63,,
01/12/1972 00:30,6.829,1.2,,
01/12/1972 01:00,7.515,1.87,,
01/12/1972 01:30,9.011,2.63,,
01/12/1972 02:00,11.274,2.6,,
01/12/1972 02:30,14.068,1.56,,
01/12/1972 03:00,15.722,1.2,,
01/12/1972 03:30,15.946,1.2,,
01/12/1972 04:00,15.279,1.12,,
01/12/1972 04:30,14.737,0.4,,
01/12/1972 05:00,13.791,0.6,,
01/12/1972 05:30,12.591,1.28,,
01/12/1972 06:00,12.142,0.16,,
01/12/1972 06:30,11.859,0,,
01/12/1972 07:00,10.885,0,,
01/12/1972 07:30,10.047,0,,
01/12/1972 08:00,9.548,0.04,,
01/12/1972 08:30,8.802,0.16,,
01/12/1972 09:00,8.418,0,,
01/12/1972 09:30,7.946,0.08,,
01/12/1972 10:00,7.705,0,,
01/12/1972 10:30,7.305,0,,
01/12/1972 11:00,7.144,0,,
01/12/1972 11:30,6.874,0,,
01/12/1972 12:00,6.697,0.16,,
01/12/1972 12:30,6.588,0.68,,
01/12/1972 13:00,6.588,0.52,,
01/12/1972 13:30,6.763,1.04,,
01/12/1972 14:00,6.896,0.64,,
01/12/1972 14:30,6.941,0.32,,
01/12/1972 15:00,6.829,0.08,,
01/12/1972 15:30,6.653,0.04,,
01/12/1972 16:00,6.373,0,,
01/12/1972 16:30,6.184,0,,
01/12/1972 17:00,6.08,0.44,,
01/12/1972 17:30,6.059,0.28,,
01/12/1972 18:00,5.896,0.04,,
01/12/1972 18:30,5.735,0,,
01/12/1972 19:00,5.617,0,,
01/12/1972 19:30,5.441,0,,
01/12/1972 20:00,5.308,0,,
01/12/1972 20:30,5.176,0,,
01/12/1972 21:00,5.101,0,,
01/12/1972 21:30,5.046,0,,
01/12/1972 22:00,4.918,0.24,,
01/12/1972 22:30,4.9,0.32,,
01/12/1972 23:00,4.828,0,,
01/12/1972 23:30,4.757,0.04,,
02/12/1972 00:00,4.687,0.04,,
02/12/1972 00:30,4.617,0,,
02/12/1972 01:00,4.53,0,,
02/12/1972 01:30,4.428,0,,
02/12/1972 02:00,4.343,0,,
02/12/1972 02:30,4.277,0,,
02/12/1972 03:00,4.227,0,,
02/12/1972 03:30,4.178,0,,
02/12/1972 04:00,4.096,0.04,,
02/12/1972 04:30,4.048,0.12,,
02/12/1972 05:00,4.016,0.08,,
02/12/1972 05:30,3.984,0.04,,
02/12/1972 06:00,3.937,0.4,,
02/12/1972 06:30,3.937,0.52,,
02/12/1972 07:00,3.953,0.2,,
02/12/1972 07:30,3.968,0.12,,
02/12/1972 08:00,3.968,0.12,,
02/12/1972 08:30,3.953,0.04,,
02/12/1972 09:00,3.905,0,,
02/12/1972 09:30,3.858,0.2,,
02/12/1972 10:00,3.827,0.44,,
02/12/1972 10:30,3.874,0.88,,
02/12/1972 11:00,4,0.76,,
02/12/1972 11:30,4.129,0.44,,
02/12/1972 12:00,4.161,0.2,,
02/12/1972 12:30,4.113,0,,
02/12/1972 13:00,4.032,0,,
02/12/1972 13:30,3.905,0,,
02/12/1972 14:00,3.843,0.08,,
02/12/1972 14:30,3.827,0.56,,
02/12/1972 15:00,3.89,0.92,,
02/12/1972 15:30,4.113,1.24,,
02/12/1972 16:00,4.377,0.48,,
02/12/1972 16:30,4.53,0.36,,
02/12/1972 17:00,4.599,0.24,,
02/12/1972 17:30,4.651,0.76,,
02/12/1972 18:00,4.775,0.44,,
02/12/1972 18:30,4.882,0.44,,
02/12/1972 19:00,4.936,0.12,,
02/12/1972 19:30,4.918,0.48,,
02/12/1972 20:00,4.973,0.68,,
02/12/1972 20:30,5.083,0.56,,
02/12/1972 21:00,5.289,0.36,,
02/12/1972 21:30,5.441,0.04,,
02/12/1972 22:00,5.461,0.2,,
02/12/1972 22:30,5.365,0.24,,
02/12/1972 23:00,5.365,0.28,,
02/12/1972 23:30,5.346,0.12,,
03/12/1972 00:00,5.251,0,,
03/12/1972 00:30,5.12,0,,
03/12/1972 01:00,5.064,0,,
03/12/1972 01:30,4.864,0,,
03/12/1972 02:00,4.739,0,,
03/12/1972 02:30,4.651,0.12,,
03/12/1972 03:00,4.582,0.08,,
03/12/1972 03:30,4.496,0.12,,
03/12/1972 04:00,4.479,0.28,,
03/12/1972 04:30,4.462,0.08,,
03/12/1972 05:00,4.445,0,,
03/12/1972 05:30,4.411,0,,
03/12/1972 06:00,4.377,0,,
03/12/1972 06:30,4.36,0,,
03/12/1972 07:00,4.327,0,,
03/12/1972 07:30,4.277,0.08,,
03/12/1972 08:00,4.26,0.12,,
03/12/1972 08:30,4.227,0.2,,
03/12/1972 09:00,4.211,0.04,,
03/12/1972 09:30,4.129,0.04,,
03/12/1972 10:00,4.064,0,,
03/12/1972 10:30,4.032,0,,
03/12/1972 11:00,3.968,0,,
03/12/1972 11:30,3.921,0.08,,
03/12/1972 12:00,3.89,0.2,,
03/12/1972 12:30,3.874,0.04,,
03/12/1972 13:00,3.858,0,,
03/12/1972 13:30,3.827,0,,
03/12/1972 14:00,3.796,0,,
03/12/1972 14:30,3.766,0,,
03/12/1972 15:00,3.689,0.04,,
03/12/1972 15:30,3.659,0,,
03/12/1972 16:00,3.629,0.12,,
03/12/1972 16:30,3.614,0.08,,
03/12/1972 17:00,3.584,0.04,,
03/12/1972 17:30,3.57,0.16,,
03/12/1972 18:00,3.555,0,,
03/12/1972 18:30,3.525,0.04,,
03/12/1972 19:00,3.511,0.2,,
03/12/1972 19:30,3.496,0.44,,
03/12/1972 20:00,3.511,0.6,,
03/12/1972 20:30,3.57,0.4,,
03/12/1972 21:00,3.659,0.48,,
03/12/1972 21:30,3.75,0.4,,
03/12/1972 22:00,3.874,0.44,,
03/12/1972 22:30,4.096,1.04,,
03/12/1972 23:00,4.582,1.96,,
03/12/1972 23:30,5.916,2.6,,
04/12/1972 00:00,8.443,2.8,,
04/12/1972 00:30,11.672,2.04,,
04/12/1972 01:00,13.283,0.6,,
04/12/1972 01:30,13.485,0.2,,
04/12/1972 02:00,12.429,0.32,,
04/12/1972 02:30,11.58,0.56,,
04/12/1972 03:00,10.562,0.56,,
04/12/1972 03:30,10.504,0.24,,
04/12/1972 04:00,10.019,0.48,,
04/12/1972 04:30,9.851,0.36,,
04/12/1972 05:00,9.575,0.24,,
04/12/1972 05:30,9.038,0.32,,
04/12/1972 06:00,8.932,0.56,,
04/12/1972 06:30,8.57,0.2,,
04/12/1972 07:00,8.342,0.2,,
04/12/1972 07:30,8.093,0.48,,
04/12/1972 08:00,8.118,0.44,,
04/12/1972 08:30,8.217,0.4,,
04/12/1972 09:00,8.242,0.16,,
04/12/1972 09:30,8.192,0.2,,
04/12/1972 10:00,8.118,0.16,,
04/12/1972 10:30,7.971,0.08,,
04/12/1972 11:00,7.849,0.32,,
04/12/1972 11:30,7.729,0.24,,
04/12/1972 12:00,7.468,0.16,,
04/12/1972 12:30,7.305,0.24,,
04/12/1972 13:00,7.19,0.16,,
04/12/1972 13:30,6.941,0.08,,
04/12/1972 14:00,6.807,0.24,,
04/12/1972 14:30,6.653,0.04,,
04/12/1972 15:00,6.588,0.32,,
04/12/1972 15:30,6.437,0.16,,
04/12/1972 16:00,6.373,0.28,,
04/12/1972 16:30,6.331,0.32,,
04/12/1972 17:00,6.352,0.36,,
04/12/1972 17:30,6.331,0.52,,
04/12/1972 18:00,6.331,0.28,,
04/12/1972 18:30,6.289,0.04,,
04/12/1972 19:00,6.184,0.16,,
04/12/1972 19:30,6.08,0.04,,
04/12/1972 20:00,5.957,0.04,,
04/12/1972 20:30,5.856,0.16,,
04/12/1972 21:00,5.795,0.72,,
04/12/1972 21:30,5.977,1.72,,
04/12/1972 22:00,6.523,1.84,,
04/12/1972 22:30,7.468,1.64,,
04/12/1972 23:00,8.828,1.56,,
04/12/1972 23:30,10.533,1.96,,
05/12/1972 00:00,12.142,1.44,,
05/12/1972 00:30,12.983,0.64,,
05/12/1972 01:00,13.017,0.28,,
05/12/1972 01:30,12.852,0.52,,
05/12/1972 02:00,12.885,1.84,,
05/12/1972 02:30,13.553,1.76,,
05/12/1972 03:00,15.243,1.92,,
05/12/1972 03:30,18.013,1.48,,
05/12/1972 04:00,19.848,1.16,,
05/12/1972 04:30,23.095,1.36,,
05/12/1972 05:00,22.486,2.24,,
05/12/1972 05:30,23.001,0.72,,
05/12/1972 06:00,24.588,0.08,,
05/12/1972 06:30,23.142,0,,
05/12/1972 07:00,20.325,0.2,,
05/12/1972 07:30,18.958,0.76,,
05/12/1972 08:00,17.254,0.44,,
05/12/1972 08:30,15.833,0.12,,
05/12/1972 09:00,15.316,0.12,,
05/12/1972 09:30,14.701,0.4,,
05/12/1972 10:00,14.347,0.24,,
05/12/1972 10:30,13.757,0,,
05/12/1972 11:00,13.116,0,,
05/12/1972 11:30,12.688,0.2,,
05/12/1972 12:00,12.269,0.44,,
05/12/1972 12:30,12.11,0,,
05/12/1972 13:00,11.953,0,,
05/12/1972 13:30,11.58,0.12,,
05/12/1972 14:00,11.274,0.4,,
05/12/1972 14:30,11.064,0.28,,
05/12/1972 15:00,10.856,0.72,,
05/12/1972 15:30,10.621,0.12,,
05/12/1972 16:00,10.331,0.28,,
05/12/1972 16:30,9.935,0,,
05/12/1972 17:00,9.63,0,,
05/12/1972 17:30,9.331,0.28,,
05/12/1972 18:00,9.439,1.24,,
05/12/1972 18:30,9.575,0.2,,
05/12/1972 19:00,9.277,0.04,,
05/12/1972 19:30,9.011,0.44,,
05/12/1972 20:00,8.932,0.44,,
05/12/1972 20:30,8.88,0.36,,
05/12/1972 21:00,8.932,0.48,,
05/12/1972 21:30,8.932,0.32,,
05/12/1972 22:00,8.75,0.2,,
05/12/1972 22:30,8.724,1.12,,
05/12/1972 23:00,9.575,3.2,,
05/12/1972 23:30,12.301,3.56,,
06/12/1972 00:00,15.499,2.36,,
06/12/1972 00:30,16.824,0.28,,
06/12/1972 01:00,16.059,0,,
06/12/1972 01:30,14.737,0.2,,
06/12/1972 02:00,13.485,0.2,,
06/12/1972 02:30,12.526,0.08,,
06/12/1972 03:00,11.672,0,,
06/12/1972 03:30,11.154,0.08,,
06/12/1972 04:00,10.708,0.32,,
06/12/1972 04:30,10.36,0.12,,
06/12/1972 05:00,10.019,0.24,,
06/12/1972 05:30,9.823,0.6,,
06/12/1972 06:00,9.657,0.04,,
06/12/1972 06:30,9.575,0.12,,
06/12/1972 07:00,9.412,0.44,,
06/12/1972 07:30,9.331,0.12,,
06/12/1972 08:00,9.143,0,,
06/12/1972 08:30,8.932,0.04,,
06/12/1972 09:00,8.647,0.04,,
06/12/1972 09:30,8.519,1,,
06/12/1972 10:00,8.596,0.96,,
06/12/1972 10:30,8.673,0.2,,
06/12/1972 11:00,8.698,0.84,,
06/12/1972 11:30,8.802,0.6,,
06/12/1972 12:00,8.906,0.12,,
06/12/1972 12:30,8.854,0.08,,
06/12/1972 13:00,8.776,0.12,,
06/12/1972 13:30,8.647,0.2,,
06/12/1972 14:00,8.418,0,,
06/12/1972 14:30,8.192,0.04,,
06/12/1972 15:00,7.922,0,,
06/12/1972 15:30,7.729,0,,
06/12/1972 16:00,7.421,0,,
06/12/1972 16:30,7.259,0.6,,
06/12/1972 17:00,7.236,0.8,,
06/12/1972 17:30,7.236,0.28,,
06/12/1972 18:00,7.19,0.44,,
06/12/1972 18:30,7.167,0.36,,
06/12/1972 19:00,7.144,0.28,,
06/12/1972 19:30,7.144,0.32,,
06/12/1972 20:00,7.19,1.04,,
06/12/1972 20:30,7.61,0.68,,
06/12/1972 21:00,7.898,0.4,,
06/12/1972 21:30,8.044,0.28,,
06/12/1972 22:00,8.118,0.56,,
06/12/1972 22:30,8.192,0.56,,
06/12/1972 23:00,8.242,0.2,,
06/12/1972 23:30,8.242,0.08,,
07/12/1972 00:00,8.168,0.08,,
07/12/1972 00:30,7.995,0.24,,
07/12/1972 01:00,7.873,0.28,,
07/12/1972 01:30,7.801,0.32,,
07/12/1972 02:00,7.729,0.28,,
07/12/1972 02:30,7.681,0.56,,
07/12/1972 03:00,7.539,0.08,,
07/12/1972 03:30,7.351,0.08,,
07/12/1972 04:00,7.167,0.04,,
07/12/1972 04:30,6.963,0.04,,
07/12/1972 05:00,6.829,0.08,,
07/12/1972 05:30,6.719,0.36,,
07/12/1972 06:00,6.697,1,,
07/12/1972 06:30,6.852,1.16,,
07/12/1972 07:00,7.076,0.48,,
07/12/1972 07:30,7.167,0.24,,
07/12/1972 08:00,7.144,0.04,,
07/12/1972 08:30,7.008,0.12,,
07/12/1972 09:00,6.829,0,,
07/12/1972 09:30,6.653,0.04,,
07/12/1972 10:00,6.588,0.2,,
07/12/1972 10:30,6.502,0.16,,
07/12/1972 11:00,6.416,0.56,,
07/12/1972 11:30,6.502,0.92,,
07/12/1972 12:00,6.61,0.16,,
07/12/1972 12:30,6.545,0,,
07/12/1972 13:00,6.395,0,,
07/12/1972 13:30,6.247,0.04,,
07/12/1972 14:00,6.121,0,,
07/12/1972 14:30,5.977,0,,
07/12/1972 15:00,5.835,0,,
07/12/1972 15:30,5.735,0,,
07/12/1972 16:00,5.617,0,,
07/12/1972 16:30,5.558,0,,
07/12/1972 17:00,5.422,0,,
07/12/1972 17:30,5.327,0,,
07/12/1972 18:00,5.251,0,,
07/12/1972 18:30,5.157,0,,
07/12/1972 19:00,5.12,0,,
07/12/1972 19:30,5.064,0,,
07/12/1972 20:00,4.918,0,,
07/12/1972 20:30,4.864,0,,
07/12/1972 21:00,4.793,0,,
07/12/1972 21:30,4.739,0,,
07/12/1972 22:00,4.687,0,,
07/12/1972 22:30,4.651,0.24,,
07/12/1972 23:00,4.634,0.2,,
07/12/1972 23:30,4.617,0.08,,
08/12/1972 00:00,4.599,0.68,,
08/12/1972 00:30,4.582,0.48,,
08/12/1972 01:00,4.599,0.16,,
08/12/1972 01:30,4.582,0,,
08/12/1972 02:00,4.479,0,,
08/12/1972 02:30,4.394,0,,
08/12/1972 03:00,4.327,0,,
08/12/1972 03:30,4.26,0,,
08/12/1972 04:00,4.227,0,,
08/12/1972 04:30,4.194,0,,
08/12/1972 05:00,4.113,0,,
08/12/1972 05:30,4.08,0,,
08/12/1972 06:00,4.032,0,,
08/12/1972 06:30,3.984,0,,
08/12/1972 07:00,3.937,0,,
08/12/1972 07:30,3.89,0,,
08/12/1972 08:00,3.858,0,,
08/12/1972 08:30,3.827,0,,
08/12/1972 09:00,3.796,0,,
08/12/1972 09:30,3.766,0,,
08/12/1972 10:00,3.689,0,,
08/12/1972 10:30,3.644,0,,
08/12/1972 11:00,3.614,0,,
08/12/1972 11:30,3.57,0,,
08/12/1972 12:00,3.54,0,,
08/12/1972 12:30,3.496,0,,
08/12/1972 13:00,3.467,0,,
08/12/1972 13:30,3.452,0,,
08/12/1972 14:00,3.438,0,,
08/12/1972 14:30,3.409,0,,
08/12/1972 15:00,3.394,0,,
08/12/1972 15:30,3.309,0,,
08/12/1972 16:00,3.28,0,,
08/12/1972 16:30,3.252,0,,
08/12/1972 17:00,3.224,0,,
08/12/1972 17:30,3.183,0,,
08/12/1972 18:00,3.155,0,,
08/12/1972 18:30,3.128,0,,
08/12/1972 19:00,3.1,0,,
08/12/1972 19:30,3.087,0,,
08/12/1972 20:00,3.073,0,,
08/12/1972 20:30,3.06,0,,
08/12/1972 21:00,3.006,0,,
08/12/1972 21:30,2.98,0,,
08/12/1972 22:00,2.953,0,,
08/12/1972 22:30,2.927,0,,
08/12/1972 23:00,2.901,0,,
08/12/1972 23:30,2.888,0,,
09/12/1972 00:00,2.862,0,,
09/12/1972 00:30,2.85,0,,
09/12/1972 01:00,2.819,0,,
09/12/1972 01:30,2.788,0,,
09/12/1972 02:00,2.757,0,,
09/12/1972 02:30,2.741,0.05,,
09/12/1972 03:00,2.726,0.1,,
09/12/1972 03:30,2.726,0.2,,
09/12/1972 04:00,2.711,0.1,,
09/12/1972 04:30,2.696,0.3,,
09/12/1972 05:00,2.696,0.15,,
09/12/1972 05:30,2.696,0.1,,
09/12/1972 06:00,2.696,0.3,,
09/12/1972 06:30,2.696,0.5,,
09/12/1972 07:00,2.726,0.7,,
09/12/1972 07:30,2.819,0.45,,
09/12/1972 08:00,2.888,0.4,,
09/12/1972 08:30,2.94,0.15,,
09/12/1972 09:00,2.966,0.05,,
09/12/1972 09:30,2.98,0,,
09/12/1972 10:00,2.98,0,,
09/12/1972 10:30,2.94,0,,
09/12/1972 11:00,2.901,0,,
09/12/1972 11:30,2.875,0,,
09/12/1972 12:00,2.834,0,,
09/12/1972 12:30,2.788,0,,
09/12/1972 13:00,2.741,0,,
09/12/1972 13:30,2.711,0,,
09/12/1972 14:00,2.636,0,,
09/12/1972 14:30,2.606,0,,
09/12/1972 15:00,2.548,0,,
09/12/1972 15:30,2.519,0.15,,
09/12/1972 16:00,2.504,0.1,,
09/12/1972 16:30,2.519,0.95,,
09/12/1972 17:00,2.592,0.55,,
09/12/1972 17:30,2.651,0.3,,
09/12/1972 18:00,2.651,0,,
09/12/1972 18:30,2.636,0,,
09/12/1972 19:00,2.592,0,,
09/12/1972 19:30,2.548,0,,
09/12/1972 20:00,2.504,0,,
09/12/1972 20:30,2.462,0,,
09/12/1972 21:00,2.419,0.05,,
09/12/1972 21:30,2.405,0.25,,
09/12/1972 22:00,2.391,0.65,,
09/12/1972 22:30,2.405,0.15,,
09/12/1972 23:00,2.405,0,,
09/12/1972 23:30,2.405,0,,
10/12/1972 00:00,2.391,0,,
10/12/1972 00:30,2.378,0,,
10/12/1972 01:00,2.364,0,,
10/12/1972 01:30,2.35,0,,
10/12/1972 02:00,2.295,0,,
10/12/1972 02:30,2.282,0,,
10/12/1972 03:00,2.255,0,,
10/12/1972 03:30,2.229,0,,
10/12/1972 04:00,2.215,0,,
10/12/1972 04:30,2.189,0,,
10/12/1972 05:00,2.176,0,,
10/12/1972 05:30,2.163,0,,
10/12/1972 06:00,2.15,0,,
10/12/1972 06:30,2.137,0.1,,
10/12/1972 07:00,2.124,0,,
10/12/1972 07:30,2.111,0.25,,
10/12/1972 08:00,2.137,1.6,,
10/12/1972 08:30,2.189,1.05,,
10/12/1972 09:00,2.323,0.9,,
10/12/1972 09:30,2.49,0.05,,
10/12/1972 10:00,2.681,0.5,,
10/12/1972 10:30,2.85,1.85,,
10/12/1972 11:00,3.02,2,,
10/12/1972 11:30,3.294,0.55,,
10/12/1972 12:00,3.57,0.3,,
10/12/1972 12:30,3.705,0.25,,
10/12/1972 13:00,3.705,0.05,,
10/12/1972 13:30,3.599,0,,
10/12/1972 14:00,3.481,0,,
10/12/1972 14:30,3.409,0,,
10/12/1972 15:00,3.266,0,,
10/12/1972 15:30,3.155,0,,
10/12/1972 16:00,3.087,0,,
10/12/1972 16:30,2.993,0,,
10/12/1972 17:00,2.914,0,,
10/12/1972 17:30,2.862,0,,
10/12/1972 18:00,2.803,0,,
10/12/1972 18:30,2.726,0,,
10/12/1972 19:00,2.666,0,,
10/12/1972 19:30,2.606,0,,
10/12/1972 20:00,2.548,0,,
10/12/1972 20:30,2.504,0,,
10/12/1972 21:00,2.462,0,,
10/12/1972 21:30,2.419,0,,
10/12/1972 22:00,2.391,0,,
10/12/1972 22:30,2.378,0,,
10/12/1972 23:00,2.364,0,,
10/12/1972 23:30,2.35,0,,
11/12/1972 00:00,2.309,0,,
11/12/1972 00:30,2.295,0,,
11/12/1972 01:00,2.282,0,,
11/12/1972 01:30,2.269,0,,
11/12/1972 02:00,2.255,0.05,,
11/12/1972 02:30,2.242,0.1,,
11/12/1972 03:00,2.242,0.15,,
11/12/1972 03:30,2.242,0.05,,
11/12/1972 04:00,2.242,0.05,,
11/12/1972 04:30,2.242,0.15,,
11/12/1972 05:00,2.255,0.3,,
11/12/1972 05:30,2.282,0,,
11/12/1972 06:00,2.309,0.15,,
11/12/1972 06:30,2.323,0,,
11/12/1972 07:00,2.35,0,,
11/12/1972 07:30,2.364,0,,
11/12/1972 08:00,2.364,0,,
11/12/1972 08:30,2.364,0,,
11/12/1972 09:00,2.364,0,,
11/12/1972 09:30,2.364,0.85,,
11/12/1972 10:00,2.405,1.1,,
11/12/1972 10:30,2.548,1.2,,
11/12/1972 11:00,2.834,1.7,,
11/12/1972 11:30,3.169,1.65,,
11/12/1972 12:00,3.766,2,,
11/12/1972 12:30,4.846,1.6,,
11/12/1972 13:00,6.373,1.75,,
11/12/1972 13:30,7.995,1.65,,
11/12/1972 14:00,9.795,2,,
11/12/1972 14:30,11.859,2.4,,
11/12/1972 15:00,14.242,2.95,,
11/12/1972 15:30,16.059,2,,
11/12/1972 16:00,17.372,1.45,,
11/12/1972 16:30,17.651,0.95,,
11/12/1972 17:00,16.669,0.5,,
11/12/1972 17:30,15.17,0.1,,
11/12/1972 18:00,13.689,0,,
11/12/1972 18:30,12.623,0,,
11/12/1972 19:00,11.518,0,,
11/12/1972 19:30,10.708,0.05,,
11/12/1972 20:00,10.019,0,,
11/12/1972 20:30,9.412,0,,
11/12/1972 21:00,8.959,0,,
11/12/1972 21:30,8.596,0,,
11/12/1972 22:00,8.317,0,,
11/12/1972 22:30,7.995,0,,
11/12/1972 23:00,7.777,0,,
11/12/1972 23:30,7.492,0,,
12/12/1972 00:00,7.213,0,,
12/12/1972 00:30,7.076,0,,
12/12/1972 01:00,6.807,0,,
12/12/1972 01:30,6.675,0,,
12/12/1972 02:00,6.566,0,,
12/12/1972 02:30,6.373,0,,
12/12/1972 03:00,6.247,0,,
12/12/1972 03:30,6.101,0,,
12/12/1972 04:00,5.957,0,,
12/12/1972 04:30,5.835,0,,
12/12/1972 05:00,5.715,0,,
12/12/1972 05:30,5.617,0,,
12/12/1972 06:00,5.538,0,,
12/12/1972 06:30,5.384,0,,
12/12/1972 07:00,5.27,0,,
12/12/1972 07:30,5.176,0,,
12/12/1972 08:00,5.12,0,,
12/12/1972 08:30,5.064,0,,
12/12/1972 09:00,4.918,0,,
12/12/1972 09:30,4.828,0,,
12/12/1972 10:00,4.757,0,,
12/12/1972 10:30,4.704,0,,
12/12/1972 11:00,4.651,0,,
12/12/1972 11:30,4.599,0,,
12/12/1972 12:00,4.496,0,,
12/12/1972 12:30,4.428,0.05,,
12/12/1972 13:00,4.428,1.3,,
12/12/1972 13:30,4.547,0.35,,
12/12/1972 14:00,4.634,0.45,,
12/12/1972 14:30,4.722,0.3,,
12/12/1972 15:00,4.775,0.45,,
12/12/1972 15:30,4.828,0.55,,
12/12/1972 16:00,4.955,1,,
12/12/1972 16:30,5.213,1.05,,
12/12/1972 17:00,5.636,0.65,,
12/12/1972 17:30,5.957,0.75,,
12/12/1972 18:00,6.142,1,,
12/12/1972 18:30,6.416,1.25,,
12/12/1972 19:00,6.874,1.1,,
12/12/1972 19:30,7.445,0.8,,
12/12/1972 20:00,8.02,0.65,,
12/12/1972 20:30,8.367,0.9,,
12/12/1972 21:00,8.519,0.7,,
12/12/1972 21:30,8.519,0.05,,
12/12/1972 22:00,8.317,0,,
12/12/1972 22:30,7.898,0,,
12/12/1972 23:00,7.398,0,,
12/12/1972 23:30,6.941,0,,
13/12/1972 00:00,6.588,0,,
13/12/1972 00:30,6.247,0,,
13/12/1972 01:00,5.977,0,,
13/12/1972 01:30,5.715,0,,
13/12/1972 02:00,5.558,0,,
13/12/1972 02:30,5.346,0,,
13/12/1972 03:00,5.213,0,,
13/12/1972 03:30,5.12,0,,
13/12/1972 04:00,5.046,0,,
13/12/1972 04:30,4.882,0,,
13/12/1972 05:00,4.793,0,,
13/12/1972 05:30,4.687,0,,
13/12/1972 06:00,4.634,0,,
13/12/1972 06:30,4.599,0,,
13/12/1972 07:00,4.513,0,,
13/12/1972 07:30,4.428,0,,
13/12/1972 08:00,4.377,0,,
13/12/1972 08:30,4.327,0,,
13/12/1972 09:00,4.293,0,,
13/12/1972 09:30,4.243,0,,
13/12/1972 10:00,4.194,0,,
13/12/1972 10:30,4.178,0,,
13/12/1972 11:00,4.145,0,,
13/12/1972 11:30,4.064,0,,
13/12/1972 12:00,4.048,0.25,,
13/12/1972 12:30,4.032,0.4,,
13/12/1972 13:00,4.048,0.3,,
13/12/1972 13:30,4.08,0.4,,
13/12/1972 14:00,4.113,0.55,,
13/12/1972 14:30,4.194,0.3,,
13/12/1972 15:00,4.293,0.25,,
13/12/1972 15:30,4.36,0.4,,
13/12/1972 16:00,4.394,0.05,,
13/12/1972 16:30,4.394,0.15,,
13/12/1972 17:00,4.411,0.15,,
13/12/1972 17:30,4.36,0.2,,
13/12/1972 18:00,4.343,0.1,,
13/12/1972 18:30,4.31,0.1,,
13/12/1972 19:00,4.293,0.1,,
13/12/1972 19:30,4.26,0,,
13/12/1972 20:00,4.227,0,,
13/12/1972 20:30,4.178,0,,
13/12/1972 21:00,4.113,0,,
13/12/1972 21:30,4.048,0,,
13/12/1972 22:00,3.984,0,,
13/12/1972 22:30,3.921,0.05,,
13/12/1972 23:00,3.874,0,,
13/12/1972 23:30,3.827,0,,
14/12/1972 00:00,3.781,0,,
14/12/1972 00:30,3.75,0,,
14/12/1972 01:00,3.659,0,,
14/12/1972 01:30,3.614,0,,
14/12/1972 02:00,3.57,0,,
14/12/1972 02:30,3.525,0,,
14/12/1972 03:00,3.496,0,,
14/12/1972 03:30,3.452,0,,
14/12/1972 04:00,3.438,0,,
14/12/1972 04:30,3.423,0,,
14/12/1972 05:00,3.394,0,,
14/12/1972 05:30,3.351,0,,
14/12/1972 06:00,3.309,0,,
14/12/1972 06:30,3.28,0,,
14/12/1972 07:00,3.252,0,,
14/12/1972 07:30,3.224,0,,
14/12/1972 08:00,3.21,0,,
14/12/1972 08:30,3.183,0,,
14/12/1972 09:00,3.169,0,,
14/12/1972 09:30,3.141,0.05,,
14/12/1972 10:00,3.128,0,,
14/12/1972 10:30,3.114,0,,
14/12/1972 11:00,3.087,0,,
14/12/1972 11:30,3.073,0,,
14/12/1972 12:00,3.06,0,,
14/12/1972 12:30,3.046,0,,
14/12/1972 13:00,3.006,0,,
14/12/1972 13:30,2.98,0,,
14/12/1972 14:00,2.953,0,,
14/12/1972 14:30,2.927,0,,
14/12/1972 15:00,2.901,0,,
14/12/1972 15:30,2.888,0,,
14/12/1972 16:00,2.862,0,,
14/12/1972 16:30,2.85,0,,
14/12/1972 17:00,2.834,0,,
14/12/1972 17:30,2.819,0,,
14/12/1972 18:00,2.788,0,,
14/12/1972 18:30,2.757,0,,
14/12/1972 19:00,2.741,0,,
14/12/1972 19:30,2.711,0,,
14/12/1972 20:00,2.696,0,,
14/12/1972 20:30,2.681,0,,
14/12/1972 21:00,2.636,0,,
14/12/1972 21:30,2.621,0,,
14/12/1972 22:00,2.592,0,,
14/12/1972 22:30,2.562,0,,
14/12/1972 23:00,2.548,0,,
14/12/1972 23:30,2.519,0,,
15/12/1972 00:00,2.49,0,,
15/12/1972 00:30,2.476,0,,
15/12/1972 01:00,2.448,0,,
15/12/1972 01:30,2.419,0,,
15/12/1972 02:00,2.391,0,,
15/12/1972 02:30,2.378,0,,
15/12/1972 03:00,2.364,0,,
15/12/1972 03:30,2.35,0,,
15/12/1972 04:00,2.336,0,,
15/12/1972 04:30,2.309,0,,
15/12/1972 05:00,2.295,0,,
15/12/1972 05:30,2.282,0,,
15/12/1972 06:00,2.269,0,,
15/12/1972 06:30,2.255,0,,
15/12/1972 07:00,2.229,0,,
15/12/1972 07:30,2.215,0,,
15/12/1972 08:00,2.189,0,,
15/12/1972 08:30,2.176,0,,
15/12/1972 09:00,2.163,0,,
15/12/1972 09:30,2.15,0,,
15/12/1972 10:00,2.137,0,,
15/12/1972 10:30,2.124,0,,
15/12/1972 11:00,2.111,0,,
15/12/1972 11:30,2.099,0,,
15/12/1972 12:00,2.086,0,,
15/12/1972 12:30,2.061,0,,
15/12/1972 13:00,2.048,0,,
15/12/1972 13:30,2.048,0,,
15/12/1972 14:00,2.036,0,,
15/12/1972 14:30,2.023,0,,
15/12/1972 15:00,2.023,0,,
15/12/1972 15:30,2.011,0,,
15/12/1972 16:00,1.999,0,,
15/12/1972 16:30,1.974,0,,
15/12/1972 17:00,1.95,0,,
15/12/1972 17:30,1.938,0,,
15/12/1972 18:00,1.914,0,,
15/12/1972 18:30,1.902,0,,
15/12/1972 19:00,1.89,0,,
15/12/1972 19:30,1.878,0.04,,
15/12/1972 20:00,1.867,0.04,,
15/12/1972 20:30,1.867,0,,
15/12/1972 21:00,1.855,0,,
15/12/1972 21:30,1.843,0,,
15/12/1972 22:00,1.832,0,,
15/12/1972 22:30,1.82,0,,
15/12/1972 23:00,1.809,0,,
15/12/1972 23:30,1.797,0,,
16/12/1972 00:00,1.786,0,,
16/12/1972 00:30,1.774,0,,
16/12/1972 01:00,1.763,0,,
16/12/1972 01:30,1.752,0,,
16/12/1972 02:00,1.741,0,,
16/12/1972 02:30,1.741,0,,
16/12/1972 03:00,1.73,0,,
16/12/1972 03:30,1.73,0,,
16/12/1972 04:00,1.718,0,,
16/12/1972 04:30,1.707,0,,
16/12/1972 05:00,1.685,0,,
16/12/1972 05:30,1.674,0,,
16/12/1972 06:00,1.664,0,,
16/12/1972 06:30,1.653,0,,
16/12/1972 07:00,1.642,0.08,,
16/12/1972 07:30,1.642,0,,
16/12/1972 08:00,1.631,0.12,,
16/12/1972 08:30,1.631,0.08,,
16/12/1972 09:00,1.621,0.4,,
16/12/1972 09:30,1.621,0.24,,
16/12/1972 10:00,1.621,0.16,,
16/12/1972 10:30,1.621,0,,
16/12/1972 11:00,1.631,0,,
16/12/1972 11:30,1.631,0.04,,
16/12/1972 12:00,1.631,0.08,,
16/12/1972 12:30,1.621,0.16,,
16/12/1972 13:00,1.61,0.2,,
16/12/1972 13:30,1.61,0.04,,
16/12/1972 14:00,1.599,0,,
16/12/1972 14:30,1.599,0,,
16/12/1972 15:00,1.589,0,,
16/12/1972 15:30,1.589,0,,
16/12/1972 16:00,1.578,0,,
16/12/1972 16:30,1.558,0,,
16/12/1972 17:00,1.547,0,,
16/12/1972 17:30,1.537,0.04,,
16/12/1972 18:00,1.527,0,,
16/12/1972 18:30,1.517,0,,
16/12/1972 19:00,1.517,0,,
16/12/1972 19:30,1.506,0,,
16/12/1972 20:00,1.496,0,,
16/12/1972 20:30,1.486,0,,
16/12/1972 21:00,1.476,0,,
16/12/1972 21:30,1.476,0,,
16/12/1972 22:00,1.466,0,,
16/12/1972 22:30,1.466,0,,
16/12/1972 23:00,1.456,0,,
16/12/1972 23:30,1.447,0,,
17/12/1972 00:00,1.437,0.04,,
17/12/1972 00:30,1.417,0,,
17/12/1972 01:00,1.408,0,,
17/12/1972 01:30,1.408,0,,
17/12/1972 02:00,1.398,0,,
17/12/1972 02:30,1.398,0,,
17/12/1972 03:00,1.388,0,,
17/12/1972 03:30,1.379,0,,
17/12/1972 04:00,1.369,0,,
17/12/1972 04:30,1.36,0,,
17/12/1972 05:00,1.35,0,,
17/12/1972 05:30,1.35,0,,
17/12/1972 06:00,1.341,0,,
17/12/1972 06:30,1.332,0,,
17/12/1972 07:00,1.332,0,,
17/12/1972 07:30,1.322,0,,
17/12/1972 08:00,1.313,0,,
17/12/1972 08:30,1.304,0,,
17/12/1972 09:00,1.304,0,,
17/12/1972 09:30,1.295,0,,
17/12/1972 10:00,1.286,0,,
17/12/1972 10:30,1.286,0,,
17/12/1972 11:00,1.277,0.04,,
17/12/1972 11:30,1.277,0,,
17/12/1972 12:00,1.268,0,,
17/12/1972 12:30,1.268,0,,
17/12/1972 13:00,1.259,0,,
17/12/1972 13:30,1.259,0,,
17/12/1972 14:00,1.25,0,,
17/12/1972 14:30,1.25,0,,
17/12/1972 15:00,1.241,0,,
17/12/1972 15:30,1.232,0,,
17/12/1972 16:00,1.232,0,,
17/12/1972 16:30,1.223,0,,
17/12/1972 17:00,1.223,0,,
17/12/1972 17:30,1.215,0,,
17/12/1972 18:00,1.215,0,,
17/12/1972 18:30,1.206,0,,
17/12/1972 19:00,1.189,0,,
17/12/1972 19:30,1.18,0,,
17/12/1972 20:00,1.171,0,,
17/12/1972 20:30,1.163,0,,
17/12/1972 21:00,1.155,0,,
17/12/1972 21:30,1.155,0,,
17/12/1972 22:00,1.146,0,,
17/12/1972 22:30,1.138,0,,
17/12/1972 23:00,1.138,0,,
17/12/1972 23:30,1.129,0,,
18/12/1972 00:00,1.129,0,,
18/12/1972 00:30,1.121,0,,
18/12/1972 01:00,1.121,0,,
18/12/1972 01:30,1.113,0,,
18/12/1972 02:00,1.105,0,,
18/12/1972 02:30,1.105,0,,
18/12/1972 03:00,1.097,0,,
18/12/1972 03:30,1.097,0,,
18/12/1972 04:00,1.088,0,,
18/12/1972 04:30,1.088,0,,
18/12/1972 05:00,1.08,0,,
18/12/1972 05:30,1.072,0,,
18/12/1972 06:00,1.072,0,,
18/12/1972 06:30,1.064,0,,
18/12/1972 07:00,1.056,0,,
18/12/1972 07:30,1.048,0,,
18/12/1972 08:00,1.041,0,,
18/12/1972 08:30,1.041,0,,
18/12/1972 09:00,1.041,0,,
18/12/1972 09:30,1.033,0,,
18/12/1972 10:00,1.033,0,,
18/12/1972 10:30,1.033,0,,
18/12/1972 11:00,1.025,0,,
18/12/1972 11:30,1.025,0,,
18/12/1972 12:00,1.025,0,,
18/12/1972 12:30,1.017,0,,
18/12/1972 13:00,1.017,0,,
18/12/1972 13:30,1.017,0,,
18/12/1972 14:00,1.01,0,,
18/12/1972 14:30,1.01,0,,
18/12/1972 15:00,1.002,0,,
18/12/1972 15:30,1.002,0,,
18/12/1972 16:00,1.002,0,,
18/12/1972 16:30,0.994,0,,
18/12/1972 17:00,0.979,0,,
18/12/1972 17:30,0.972,0,,
18/12/1972 18:00,0.972,0,,
18/12/1972 18:30,0.964,0,,
18/12/1972 19:00,0.964,0,,
18/12/1972 19:30,0.964,0,,
18/12/1972 20:00,0.957,0,,
18/12/1972 20:30,0.957,0,,
18/12/1972 21:00,0.949,0,,
18/12/1972 21:30,0.949,0,,
18/12/1972 22:00,0.95,0,,
18/12/1972 22:30,0.94,0,,
18/12/1972 23:00,0.94,0,,
18/12/1972 23:30,0.94,0,,
19/12/1972 00:00,0.935,0,,
19/12/1972 00:30,0.927,0,,
19/12/1972 01:00,0.927,0,,
19/12/1972 01:30,0.927,0,,
19/12/1972 02:00,0.92,0,,
19/12/1972 02:30,0.92,0,,
19/12/1972 03:00,0.913,0,,
19/12/1972 03:30,0.913,0,,
19/12/1972 04:00,0.906,0,,
19/12/1972 04:30,0.906,0,,
19/12/1972 05:00,0.906,0,,
19/12/1972 05:30,0.899,0,,
19/12/1972 06:00,0.892,0,,
19/12/1972 06:30,0.892,0,,
19/12/1972 07:00,0.885,0,,
19/12/1972 07:30,0.885,0,,
19/12/1972 08:00,0.885,0,,
19/12/1972 08:30,0.878,0,,
19/12/1972 09:00,0.878,0,,
19/12/1972 09:30,0.878,0,,
19/12/1972 10:00,0.871,0,,
19/12/1972 10:30,0.871,0,,
19/12/1972 11:00,0.864,0,,
19/12/1972 11:30,0.864,0,,
19/12/1972 12:00,0.864,0,,
19/12/1972 12:30,0.857,0,,
19/12/1972 13:00,0.857,0,,
19/12/1972 13:30,0.857,0,,
19/12/1972 14:00,0.857,0,,
19/12/1972 14:30,0.857,0,,
19/12/1972 15:00,0.85,0,,
19/12/1972 15:30,0.85,0,,
19/12/1972 16:00,0.85,0,,
19/12/1972 16:30,0.85,0,,
19/12/1972 17:00,0.843,0,,
19/12/1972 17:30,0.843,0,,
19/12/1972 18:00,0.843,0,,
19/12/1972 18:30,0.843,0,,
19/12/1972 19:00,0.843,0,,
19/12/1972 19:30,0.836,0,,
19/12/1972 20:00,0.836,0,,
19/12/1972 20:30,0.836,0,,
19/12/1972 21:00,0.836,0,,
19/12/1972 21:30,0.83,0,,
19/12/1972 22:00,0.83,0,,
19/12/1972 22:30,0.83,0,,
19/12/1972 23:00,0.83,0,,
19/12/1972 23:30,0.823,0,,
20/12/1972 00:00,0.823,0,,
20/12/1972 00:30,0.823,0,,
20/12/1972 01:00,0.823,0,,
20/12/1972 01:30,0.816,0,,
20/12/1972 02:00,0.816,0,,
20/12/1972 02:30,0.816,0,,
20/12/1972 03:00,0.816,0,,
20/12/1972 03:30,0.81,0.04,,
20/12/1972 04:00,0.81,0.04,,
20/12/1972 04:30,0.81,0,,
20/12/1972 05:00,0.81,0,,
20/12/1972 05:30,0.81,0,,
20/12/1972 06:00,0.81,0,,
20/12/1972 06:30,0.803,0,,
20/12/1972 07:00,0.803,0,,
20/12/1972 07:30,0.803,0,,
20/12/1972 08:00,0.803,0,,
20/12/1972 08:30,0.803,0,,
20/12/1972 09:00,0.797,0,,
20/12/1972 09:30,0.797,0,,
20/12/1972 10:00,0.797,0,,
20/12/1972 10:30,0.79,0,,
20/12/1972 11:00,0.79,0,,
20/12/1972 11:30,0.79,0,,
20/12/1972 12:00,0.79,0,,
20/12/1972 12:30,0.784,0,,
20/12/1972 13:00,0.784,0,,
20/12/1972 13:30,0.784,0,,
20/12/1972 14:00,0.777,0,,
20/12/1972 14:30,0.777,0,,
20/12/1972 15:00,0.777,0,,
20/12/1972 15:30,0.777,0,,
20/12/1972 16:00,0.771,0,,
20/12/1972 16:30,0.771,0,,
20/12/1972 17:00,0.771,0,,
20/12/1972 17:30,0.771,0,,
20/12/1972 18:00,0.764,0,,
20/12/1972 18:30,0.764,0,,
20/12/1972 19:00,0.764,0,,
20/12/1972 19:30,0.764,0,,
20/12/1972 20:00,0.758,0,,
20/12/1972 20:30,0.758,0,,
20/12/1972 21:00,0.758,0,,
20/12/1972 21:30,0.758,0,,
20/12/1972 22:00,0.758,0,,
20/12/1972 22:30,0.752,0,,
20/12/1972 23:00,0.752,0,,
20/12/1972 23:30,0.752,0,,
21/12/1972 00:00,0.752,0,,
21/12/1972 00:30,0.745,0,,
21/12/1972 01:00,0.745,0,,
21/12/1972 01:30,0.745,0,,
21/12/1972 02:00,0.745,0,,
21/12/1972 02:30,0.739,0.08,,
21/12/1972 03:00,0.739,0,,
21/12/1972 03:30,0.739,0.04,,
21/12/1972 04:00,0.739,0,,
21/12/1972 04:30,0.739,0,,
21/12/1972 05:00,0.739,0,,
21/12/1972 05:30,0.739,0,,
21/12/1972 06:00,0.739,0,,
21/12/1972 06:30,0.733,0,,
21/12/1972 07:00,0.733,0,,
21/12/1972 07:30,0.733,0,,
21/12/1972 08:00,0.733,0,,
21/12/1972 08:30,0.733,0,,
21/12/1972 09:00,0.733,0,,
21/12/1972 09:30,0.727,0,,
21/12/1972 10:00,0.727,0,,
21/12/1972 10:30,0.727,0,,
21/12/1972 11:00,0.721,0,,
21/12/1972 11:30,0.721,0,,
21/12/1972 12:00,0.721,0,,
21/12/1972 12:30,0.721,0,,
21/12/1972 13:00,0.721,0,,
21/12/1972 13:30,0.715,0.04,,
21/12/1972 14:00,0.715,0,,
21/12/1972 14:30,0.715,0,,
21/12/1972 15:00,0.715,0,,
21/12/1972 15:30,0.709,0,,
21/12/1972 16:00,0.709,0,,
21/12/1972 16:30,0.709,0,,
21/12/1972 17:00,0.709,0,,
21/12/1972 17:30,0.703,0,,
21/12/1972 18:00,0.703,0,,
21/12/1972 18:30,0.703,0,,
21/12/1972 19:00,0.703,0,,
21/12/1972 19:30,0.703,0,,
21/12/1972 20:00,0.697,0,,
21/12/1972 20:30,0.697,0,,
21/12/1972 21:00,0.697,0,,
21/12/1972 21:30,0.697,0,,
21/12/1972 22:00,0.691,0,,
21/12/1972 22:30,0.691,0,,
21/12/1972 23:00,0.691,0,,
21/12/1972 23:30,0.691,0,,
22/12/1972 00:00,0.691,0,,
22/12/1972 00:30,0.691,0,,
22/12/1972 01:00,0.685,0,,
22/12/1972 01:30,0.685,0,,
22/12/1972 02:00,0.685,0,,
22/12/1972 02:30,0.685,0,,
22/12/1972 03:00,0.685,0,,
22/12/1972 03:30,0.679,0,,
22/12/1972 04:00,0.679,0,,
22/12/1972 04:30,0.673,0,,
22/12/1972 05:00,0.673,0,,
22/12/1972 05:30,0.673,0,,
22/12/1972 06:00,0.667,0,,
22/12/1972 06:30,0.662,0,,
22/12/1972 07:00,0.662,0,,
22/12/1972 07:30,0.656,0,,
22/12/1972 08:00,0.656,0,,
22/12/1972 08:30,0.656,0,,
22/12/1972 09:00,0.656,0,,
22/12/1972 09:30,0.65,0,,
22/12/1972 10:00,0.65,0,,
22/12/1972 10:30,0.65,0,,
22/12/1972 11:00,0.644,0,,
22/12/1972 11:30,0.644,0,,
22/12/1972 12:00,0.644,0,,
22/12/1972 12:30,0.639,0,,
22/12/1972 13:00,0.639,0,,
22/12/1972 13:30,0.639,0,,
22/12/1972 14:00,0.639,0,,
22/12/1972 14:30,0.633,0,,
22/12/1972 15:00,0.633,0,,
22/12/1972 15:30,0.633,0,,
22/12/1972 16:00,0.633,0,,
22/12/1972 16:30,0.628,0,,
22/12/1972 17:00,0.628,0,,
22/12/1972 17:30,0.628,0,,
22/12/1972 18:00,0.628,0,,
22/12/1972 18:30,0.622,0,,
22/12/1972 19:00,0.622,0,,
22/12/1972 19:30,0.622,0,,
22/12/1972 20:00,0.622,0,,
22/12/1972 20:30,0.617,0,,
22/12/1972 21:00,0.617,0,,
22/12/1972 21:30,0.617,0,,
22/12/1972 22:00,0.617,0,,
22/12/1972 22:30,0.611,0,,
22/12/1972 23:00,0.611,0,,
22/12/1972 23:30,0.611,0,,
23/12/1972 00:00,0.611,0,,
23/12/1972 00:30,0.611,0,,
23/12/1972 01:00,0.606,0,,
23/12/1972 01:30,0.606,0,,
23/12/1972 02:00,0.606,0,,
23/12/1972 02:30,0.606,0,,
23/12/1972 03:00,0.6,0,,
23/12/1972 03:30,0.6,0,,
23/12/1972 04:00,0.6,0,,
23/12/1972 04:30,0.6,0,,
23/12/1972 05:00,0.595,0,,
23/12/1972 05:30,0.595,0,,
23/12/1972 06:00,0.595,0,,
23/12/1972 06:30,0.595,0,,
23/12/1972 07:00,0.595,0,,
23/12/1972 07:30,0.595,0.32,,
23/12/1972 08:00,0.595,0.12,,
23/12/1972 08:30,0.595,0.16,,
23/12/1972 09:00,0.595,0.32,,
23/12/1972 09:30,0.6,0.24,,
23/12/1972 10:00,0.606,0.64,,
23/12/1972 10:30,0.611,0.36,,
23/12/1972 11:00,0.617,0.12,,
23/12/1972 11:30,0.628,0,,
23/12/1972 12:00,0.644,0,,
23/12/1972 12:30,0.656,0,,
23/12/1972 13:00,0.662,0,,
23/12/1972 13:30,0.667,0,,
23/12/1972 14:00,0.667,0,,
23/12/1972 14:30,0.667,0,,
23/12/1972 15:00,0.662,0,,
23/12/1972 15:30,0.65,0,,
23/12/1972 16:00,0.644,0,,
23/12/1972 16:30,0.639,0,,
23/12/1972 17:00,0.633,0,,
23/12/1972 17:30,0.622,0,,
23/12/1972 18:00,0.617,0,,
23/12/1972 18:30,0.611,0,,
23/12/1972 19:00,0.611,0,,
23/12/1972 19:30,0.606,0,,
23/12/1972 20:00,0.6,0,,
23/12/1972 20:30,0.6,0,,
23/12/1972 21:00,0.595,0,,
23/12/1972 21:30,0.595,0,,
23/12/1972 22:00,0.59,0,,
23/12/1972 22:30,0.59,0,,
23/12/1972 23:00,0.584,0,,
23/12/1972 23:30,0.584,0,,
24/12/1972 00:00,0.584,0,,
24/12/1972 00:30,0.579,0,,
24/12/1972 01:00,0.579,0,,
24/12/1972 01:30,0.579,0,,
24/12/1972 02:00,0.574,0,,
24/12/1972 02:30,0.574,0,,
24/12/1972 03:00,0.574,0,,
24/12/1972 03:30,0.574,0,,
24/12/1972 04:00,0.574,0,,
24/12/1972 04:30,0.569,0.04,,
24/12/1972 05:00,0.569,0,,
24/12/1972 05:30,0.569,0.04,,
24/12/1972 06:00,0.569,0.04,,
24/12/1972 06:30,0.569,0.12,,
24/12/1972 07:00,0.569,0.04,,
24/12/1972 07:30,0.569,0,,
24/12/1972 08:00,0.569,0.04,,
24/12/1972 08:30,0.569,0.08,,
24/12/1972 09:00,0.569,0.04,,
24/12/1972 09:30,0.569,0,,
24/12/1972 10:00,0.569,0,,
24/12/1972 10:30,0.569,0,,
24/12/1972 11:00,0.569,0,,
24/12/1972 11:30,0.569,0,,
24/12/1972 12:00,0.569,0,,
24/12/1972 12:30,0.569,0,,
24/12/1972 13:00,0.569,0,,
24/12/1972 13:30,0.569,0,,
24/12/1972 14:00,0.569,0,,
24/12/1972 14:30,0.569,0,,
24/12/1972 15:00,0.569,0,,
24/12/1972 15:30,0.569,0,,
24/12/1972 16:00,0.564,0,,
24/12/1972 16:30,0.564,0,,
24/12/1972 17:00,0.564,0,,
24/12/1972 17:30,0.564,0,,
24/12/1972 18:00,0.558,0,,
24/12/1972 18:30,0.558,0,,
24/12/1972 19:00,0.558,0.04,,
24/12/1972 19:30,0.558,0.12,,
24/12/1972 20:00,0.558,0.04,,
24/12/1972 20:30,0.558,0.04,,
24/12/1972 21:00,0.558,0,,
24/12/1972 21:30,0.558,0,,
24/12/1972 22:00,0.558,0.2,,
24/12/1972 22:30,0.558,0.2,,
24/12/1972 23:00,,0.16,,
24/12/1972 23:30,0.558,0.08,,
25/12/1972 00:00,0.558,0.08,,
25/12/1972 00:30,0.564,0.04,,
25/12/1972 01:00,0.564,0,,
25/12/1972 01:30,0.564,0,,
25/12/1972 02:00,0.564,0,,
25/12/1972 02:30,0.564,0,,
25/12/1972 03:00,0.564,0,,
25/12/1972 03:30,0.564,0,,
25/12/1972 04:00,0.564,0,,
25/12/1972 04:30,0.564,0,,
25/12/1972 05:00,0.564,0,,
25/12/1972 05:30,0.564,0,,
25/12/1972 06:00,0.564,0,,
25/12/1972 06:30,0.558,0,,
25/12/1972 07:00,0.558,0,,
25/12/1972 07:30,0.558,0,,
25/12/1972 08:00,0.558,0,,
25/12/1972 08:30,0.558,0,,
25/12/1972 09:00,0.553,0,,
25/12/1972 09:30,0.553,0,,
25/12/1972 10:00,0.553,0,,
25/12/1972 10:30,0.553,0,,
25/12/1972 11:00,0.553,0,,
25/12/1972 11:30,0.553,0,,
25/12/1972 12:00,0.548,0,,
25/12/1972 12:30,0.548,0,,
25/12/1972 13:00,0.548,0,,
25/12/1972 13:30,0.548,0,,
25/12/1972 14:00,0.543,0,,
25/12/1972 14:30,0.543,0,,
25/12/1972 15:00,0.538,0,,
25/12/1972 15:30,0.538,0,,
25/12/1972 16:00,0.538,0,,
25/12/1972 16:30,0.533,0,,
25/12/1972 17:00,0.533,0,,
25/12/1972 17:30,0.533,0,,
25/12/1972 18:00,0.528,0,,
25/12/1972 18:30,0.528,0,,
25/12/1972 19:00,0.528,0,,
25/12/1972 19:30,0.528,0.2,,
25/12/1972 20:00,0.528,0.24,,
25/12/1972 20:30,0.528,0,,
25/12/1972 21:00,0.528,0,,
25/12/1972 21:30,0.528,0,,
25/12/1972 22:00,0.528,0,,
25/12/1972 22:30,0.528,0,,
25/12/1972 23:00,0.528,0,,
25/12/1972 23:30,0.528,0,,
26/12/1972 00:00,0.528,0.04,,
26/12/1972 00:30,0.528,0.2,,
26/12/1972 01:00,0.528,0.04,,
26/12/1972 01:30,0.528,0.08,,
26/12/1972 02:00,0.528,0,,
26/12/1972 02:30,0.528,0,,
26/12/1972 03:00,0.528,0,,
26/12/1972 03:30,0.523,0,,
26/12/1972 04:00,0.523,0,,
26/12/1972 04:30,0.523,0,,
26/12/1972 05:00,0.523,0,,
26/12/1972 05:30,0.518,0,,
26/12/1972 06:00,0.518,0,,
26/12/1972 06:30,0.518,0,,
26/12/1972 07:00,0.514,0,,
26/12/1972 07:30,0.514,0,,
26/12/1972 08:00,0.514,0,,
26/12/1972 08:30,0.514,0,,
26/12/1972 09:00,0.509,0,,
26/12/1972 09:30,0.509,0,,
26/12/1972 10:00,0.509,0,,
26/12/1972 10:30,0.509,0,,
26/12/1972 11:00,0.509,0.08,,
26/12/1972 11:30,0.509,0.08,,
26/12/1972 12:00,0.509,0.04,,
26/12/1972 12:30,0.504,0.04,,
26/12/1972 13:00,0.504,0,,
26/12/1972 13:30,0.504,0,,
26/12/1972 14:00,0.504,0.24,,
26/12/1972 14:30,0.504,0.24,,
26/12/1972 15:00,0.504,0.04,,
26/12/1972 15:30,0.504,0,,
26/12/1972 16:00,0.504,0.24,,
26/12/1972 16:30,0.509,0.6,,
26/12/1972 17:00,0.518,0.48,,
26/12/1972 17:30,0.528,0.48,,
26/12/1972 18:00,0.538,0.36,,
26/12/1972 18:30,0.558,0.16,,
26/12/1972 19:00,0.579,0.2,,
26/12/1972 19:30,0.6,0,,
26/12/1972 20:00,0.617,0,,
26/12/1972 20:30,0.628,0,,
26/12/1972 21:00,0.639,0,,
26/12/1972 21:30,0.65,0,,
26/12/1972 22:00,0.65,0,,
26/12/1972 22:30,0.65,0,,
26/12/1972 23:00,0.639,0,,
26/12/1972 23:30,0.633,0,,
27/12/1972 00:00,0.622,0,,
27/12/1972 00:30,0.617,0,,
27/12/1972 01:00,0.611,0,,
27/12/1972 01:30,0.6,0,,
27/12/1972 02:00,0.595,0,,
27/12/1972 02:30,0.59,0,,
27/12/1972 03:00,0.584,0,,
27/12/1972 03:30,0.584,0.04,,
27/12/1972 04:00,0.579,0,,
27/12/1972 04:30,0.574,0,,
27/12/1972 05:00,0.569,0,,
27/12/1972 05:30,0.569,0,,
27/12/1972 06:00,0.569,0,,
27/12/1972 06:30,0.564,0,,
27/12/1972 07:00,0.564,0.08,,
27/12/1972 07:30,0.564,0.76,,
27/12/1972 08:00,0.574,1.12,,
27/12/1972 08:30,0.584,0.24,,
27/12/1972 09:00,0.6,0.04,,
27/12/1972 09:30,0.622,0,,
27/12/1972 10:00,0.639,0,,
27/12/1972 10:30,0.65,0.08,,
27/12/1972 11:00,0.65,0.04,,
27/12/1972 11:30,0.656,0,,
27/12/1972 12:00,0.656,0,,
27/12/1972 12:30,0.656,0.04,,
27/12/1972 13:00,0.656,0.04,,
27/12/1972 13:30,0.65,0.16,,
27/12/1972 14:00,0.644,0.16,,
27/12/1972 14:30,0.639,0,,
27/12/1972 15:00,0.639,0.08,,
27/12/1972 15:30,0.639,0,,
27/12/1972 16:00,0.633,0.04,,
27/12/1972 16:30,0.633,0,,
27/12/1972 17:00,0.628,0,,
27/12/1972 17:30,0.628,0.04,,
27/12/1972 18:00,0.628,0.08,,
27/12/1972 18:30,0.622,0.04,,
27/12/1972 19:00,0.622,0.04,,
27/12/1972 19:30,0.617,0,,
27/12/1972 20:00,0.617,0.04,,
27/12/1972 20:30,0.617,0.64,,
27/12/1972 21:00,0.622,0.92,,
27/12/1972 21:30,0.628,0.24,,
27/12/1972 22:00,0.639,0.08,,
27/12/1972 22:30,0.656,0.08,,
27/12/1972 23:00,0.673,0.08,,
27/12/1972 23:30,0.691,0.04,,
28/12/1972 00:00,0.703,0.16,,
28/12/1972 00:30,0.715,0.04,,
28/12/1972 01:00,0.721,0.08,,
28/12/1972 01:30,0.727,0,,
28/12/1972 02:00,0.727,0,,
28/12/1972 02:30,0.727,0,,
28/12/1972 03:00,0.727,0,,
28/12/1972 03:30,0.721,0.04,,
28/12/1972 04:00,0.721,0.04,,
28/12/1972 04:30,0.715,0.04,,
28/12/1972 05:00,0.709,0,,
28/12/1972 05:30,0.703,0,,
28/12/1972 06:00,0.697,0,,
28/12/1972 06:30,0.697,0,,
28/12/1972 07:00,0.691,0,,
28/12/1972 07:30,0.691,0,,
28/12/1972 08:00,0.679,0,,
28/12/1972 08:30,0.673,0,,
28/12/1972 09:00,0.673,0,,
28/12/1972 09:30,0.662,0,,
28/12/1972 10:00,0.656,0,,
28/12/1972 10:30,0.65,0,,
28/12/1972 11:00,0.644,0,,
28/12/1972 11:30,0.639,0,,
28/12/1972 12:00,0.639,0.04,,
28/12/1972 12:30,0.633,0,,
28/12/1972 13:00,0.628,0,,
28/12/1972 13:30,0.622,0,,
28/12/1972 14:00,0.622,0,,
28/12/1972 14:30,0.617,0,,
28/12/1972 15:00,0.611,0,,
28/12/1972 15:30,0.611,0,,
28/12/1972 16:00,0.606,0,,
28/12/1972 16:30,0.606,0,,
28/12/1972 17:00,0.6,0,,
28/12/1972 17:30,0.6,0,,
28/12/1972 18:00,0.595,0,,
28/12/1972 18:30,0.595,0,,
28/12/1972 19:00,0.59,0,,
28/12/1972 19:30,0.59,0,,
28/12/1972 20:00,0.59,0,,
28/12/1972 20:30,0.584,0.08,,
28/12/1972 21:00,0.584,0.04,,
28/12/1972 21:30,0.584,0,,
28/12/1972 22:00,0.579,0,,
28/12/1972 22:30,0.579,0,,
28/12/1972 23:00,0.574,0,,
28/12/1972 23:30,0.574,0,,
29/12/1972 00:00,0.574,0,,
29/12/1972 00:30,0.574,0,,
29/12/1972 01:00,0.569,0,,
29/12/1972 01:30,0.569,0,,
29/12/1972 02:00,0.569,0,,
29/12/1972 02:30,0.564,0,,
29/12/1972 03:00,0.564,0,,
29/12/1972 03:30,0.564,0,,
29/12/1972 04:00,0.558,0,,
29/12/1972 04:30,0.558,0,,
29/12/1972 05:00,0.558,0,,
29/12/1972 05:30,0.558,0,,
29/12/1972 06:00,0.558,0,,
29/12/1972 06:30,0.558,0,,
29/12/1972 07:00,0.558,0,,
29/12/1972 07:30,0.558,0,,
29/12/1972 08:00,0.553,0,,
29/12/1972 08:30,0.553,0,,
29/12/1972 09:00,0.553,0,,
29/12/1972 09:30,0.553,0,,
29/12/1972 10:00,0.553,0,,
29/12/1972 10:30,0.553,0,,
29/12/1972 11:00,0.553,0,,
29/12/1972 11:30,0.553,0,,
29/12/1972 12:00,0.548,0,,
29/12/1972 12:30,0.548,0,,
29/12/1972 13:00,0.548,0,,
29/12/1972 13:30,0.548,0,,
29/12/1972 14:00,0.548,0,,
29/12/1972 14:30,0.548,0,,
29/12/1972 15:00,0.543,0,,
29/12/1972 15:30,0.543,0,,
29/12/1972 16:00,0.543,0,,
29/12/1972 16:30,0.543,0,,
29/12/1972 17:00,0.538,0,,
29/12/1972 17:30,0.538,0,,
29/12/1972 18:00,0.538,0,,
29/12/1972 18:30,0.538,0,,
29/12/1972 19:00,0.538,0,,
29/12/1972 19:30,0.538,0,,
29/12/1972 20:00,0.533,0,,
29/12/1972 20:30,0.533,0,,
29/12/1972 21:00,0.533,0.03,,
29/12/1972 21:30,0.533,0,,
29/12/1972 22:00,0.533,0,,
29/12/1972 22:30,0.533,0,,
29/12/1972 23:00,0.533,0,,
29/12/1972 23:30,0.533,0.03,,
30/12/1972 00:00,0.528,0,,
30/12/1972 00:30,0.528,0,,
30/12/1972 01:00,0.528,0,,
30/12/1972 01:30,0.528,0,,
30/12/1972 02:00,0.528,0,,
30/12/1972 02:30,0.528,0,,
30/12/1972 03:00,0.528,0,,
30/12/1972 03:30,0.528,0,,
30/12/1972 04:00,0.528,0,,
30/12/1972 04:30,0.523,0,,
30/12/1972 05:00,0.523,0,,
30/12/1972 05:30,0.523,0,,
30/12/1972 06:00,0.523,0,,
30/12/1972 06:30,0.523,0,,
30/12/1972 07:00,0.523,0,,
30/12/1972 07:30,0.523,0.03,,
30/12/1972 08:00,0.523,0,,
30/12/1972 08:30,0.523,0,,
30/12/1972 09:00,0.518,0,,
30/12/1972 09:30,0.518,0,,
30/12/1972 10:00,0.518,0,,
30/12/1972 10:30,0.518,0,,
30/12/1972 11:00,0.518,0,,
30/12/1972 11:30,0.518,0,,
30/12/1972 12:00,0.518,0,,
30/12/1972 12:30,0.518,0,,
30/12/1972 13:00,0.518,0,,
30/12/1972 13:30,0.514,0.03,,
30/12/1972 14:00,0.514,0,,
30/12/1972 14:30,0.514,0,,
30/12/1972 15:00,0.514,0.03,,
30/12/1972 15:30,0.514,0,,
30/12/1972 16:00,0.514,0,,
30/12/1972 16:30,0.514,0,,
30/12/1972 17:00,0.514,0,,
30/12/1972 17:30,0.514,0,,
30/12/1972 18:00,0.514,0,,
30/12/1972 18:30,0.514,0,,
30/12/1972 19:00,0.509,0,,
30/12/1972 19:30,0.509,0,,
30/12/1972 20:00,0.509,0,,
30/12/1972 20:30,0.509,0.03,,
30/12/1972 21:00,0.509,0.03,,
30/12/1972 21:30,0.509,0,,
30/12/1972 22:00,0.509,0,,
30/12/1972 22:30,0.509,0,,
30/12/1972 23:00,0.509,0,,
30/12/1972 23:30,0.509,0,,
31/12/1972 00:00,0.509,0,,
31/12/1972 00:30,0.509,0.03,,
31/12/1972 01:00,0.509,0,,
31/12/1972 01:30,0.509,0,,
31/12/1972 02:00,0.509,0,,
31/12/1972 02:30,0.504,0,,
31/12/1972 03:00,0.504,0,,
31/12/1972 03:30,0.504,0,,
31/12/1972 04:00,0.504,0,,
31/12/1972 04:30,0.504,0,,
31/12/1972 05:00,0.504,0,,
31/12/1972 05:30,0.504,0,,
31/12/1972 06:00,0.504,0,,
31/12/1972 06:30,0.499,0,,
31/12/1972 07:00,0.499,0,,
31/12/1972 07:30,0.499,0,,
31/12/1972 08:00,0.499,0,,
31/12/1972 08:30,0.499,0,,
31/12/1972 09:00,0.499,0,,
31/12/1972 09:30,0.499,0,,
31/12/1972 10:00,0.499,0.03,,
31/12/1972 10:30,0.499,0.07,,
31/12/1972 11:00,0.499,0,,
31/12/1972 11:30,0.499,0.03,,
31/12/1972 12:00,0.499,0,,
31/12/1972 12:30,0.499,0.03,,
31/12/1972 13:00,0.499,0,,
31/12/1972 13:30,0.499,0,,
31/12/1972 14:00,0.499,0,,
31/12/1972 14:30,0.499,0,,
31/12/1972 15:00,0.495,0,,
31/12/1972 15:30,0.495,0,,
31/12/1972 16:00,0.495,0,,
31/12/1972 16:30,0.495,0,,
31/12/1972 17:00,0.495,0,,
31/12/1972 17:30,0.495,0,,
31/12/1972 18:00,0.495,0,,
31/12/1972 18:30,0.495,0,,
31/12/1972 19:00,0.495,0,,
31/12/1972 19:30,0.495,0,,
31/12/1972 20:00,0.495,0,,
31/12/1972 20:30,0.49,0,,
31/12/1972 21:00,0.49,0,,
31/12/1972 21:30,0.49,0,,
31/12/1972 22:00,0.49,0,,
31/12/1972 22:30,0.49,0,,
31/12/1972 23:00,0.49,0,,
31/12/1972 23:30,0.49,0,,
,,,,
Half-hourly precipitation and stream flow, River Hirnant, Wales, UK, November and December 1972.
